cluster_config,cluster_config,cluster_config,function_resource_map,function_resource_map,function_resource_map,function_resource_map,function_resource_map,function_resource_map,function_times,function_times,function_times,function_times,function_times,function_times,config_point_result,config_point_result,config_point_result,config_point_result,config_point_result
num_workers,cpu_per_worker,memory_per_worker,extractImgMetadata,transformMetadata,handler,thumbnail,returnMetadata,createThumbnail,extractImgMetadata,transformMetadata,handler,thumbnail,returnMetadata,createThumbnail,loss_used,loss_value,execution_time,cost_to_run,attempt_n
1,1,1Gi,1.0,1.0,1.0,1.0,1.0,1.0,0.270693302154541,9.775161743164062e-06,2.384185791015625e-07,0.24335575103759766,9.5367431640625e-07,0.578174352645874,latency_loss,0.654,0.654,0.654,0
1,1,1Gi,1.0,1.0,1.0,1.0,1.0,1.0,0.2763371467590332,1.33514404296875e-05,9.5367431640625e-07,0.33750128746032715,2.1457672119140625e-06,0.6817116737365723,latency_loss,0.758,0.758,0.758,1
1,1,1Gi,1.0,1.0,1.0,1.0,1.0,1.0,0.2998056411743164,6.67572021484375e-06,4.76837158203125e-07,0.3463704586029053,1.1920928955078125e-06,0.708791971206665,latency_loss,0.745,0.745,0.745,2
1,1,1Gi,1.0,1.0,1.0,1.0,1.0,1.0,0.2705094814300537,2.765655517578125e-05,7.152557373046875e-07,0.25063323974609375,1.430511474609375e-06,0.580742597579956,latency_loss,0.615,0.615,0.615,3
1,1,1Gi,1.0,1.0,1.0,1.0,1.0,1.0,0.29799771308898926,6.9141387939453125e-06,7.152557373046875e-07,0.2897005081176758,1.1920928955078125e-06,0.6476876735687256,latency_loss,0.724,0.724,0.724,4
1,1,1Gi,1.0,1.0,1.0,1.0,1.0,1.0,0.34555530548095703,6.9141387939453125e-06,9.5367431640625e-07,0.27581119537353516,9.5367431640625e-07,0.6891269683837891,latency_loss,0.719,0.719,0.719,5
1,1,1Gi,1.0,1.0,1.0,1.0,1.0,1.0,0.23374009132385254,7.152557373046875e-06,4.76837158203125e-07,0.26023149490356445,7.152557373046875e-07,0.5567452907562256,latency_loss,0.586,0.586,0.586,6
1,1,1Gi,1.0,1.0,1.0,1.0,1.0,1.0,0.3261079788208008,1.5497207641601562e-05,1.6689300537109375e-06,0.2583129405975342,1.6689300537109375e-06,0.6541233062744141,latency_loss,0.724,0.724,0.724,7
1,1,1Gi,1.0,1.0,1.0,1.0,1.0,1.0,0.2739729881286621,1.239776611328125e-05,4.76837158203125e-07,0.3263375759124756,9.5367431640625e-07,0.6690740585327148,latency_loss,0.701,0.701,0.701,8
1,1,1Gi,1.0,1.0,1.0,1.0,1.0,1.0,0.29025793075561523,1.239776611328125e-05,7.152557373046875e-07,0.27878260612487793,1.9073486328125e-06,0.6341907978057861,latency_loss,0.659,0.659,0.659,9
1,1,1Gi,0.7,1.0,1.0,1.0,1.0,1.0,0.29869651794433594,1.8358230590820312e-05,1.1920928955078125e-06,0.2660353183746338,7.152557373046875e-07,0.6309099197387695,latency_loss,0.664,0.664,0.664,0
1,1,1Gi,0.7,1.0,1.0,1.0,1.0,1.0,0.22731924057006836,7.867813110351562e-06,1.1920928955078125e-06,0.27661561965942383,1.1920928955078125e-06,0.5656867027282715,latency_loss,0.632,0.632,0.632,1
1,1,1Gi,0.7,1.0,1.0,1.0,1.0,1.0,0.26341962814331055,8.821487426757812e-06,4.76837158203125e-07,0.27056312561035156,7.152557373046875e-07,0.5963177680969238,latency_loss,0.666,0.666,0.666,2
1,1,1Gi,0.7,1.0,1.0,1.0,1.0,1.0,0.30847883224487305,6.67572021484375e-06,9.5367431640625e-07,0.28269505500793457,9.5367431640625e-07,0.6474895477294922,latency_loss,0.715,0.715,0.715,3
1,1,1Gi,0.7,1.0,1.0,1.0,1.0,1.0,0.2961728572845459,6.4373016357421875e-06,4.76837158203125e-07,0.34565114974975586,9.5367431640625e-07,0.7073829174041748,latency_loss,0.775,0.775,0.775,4
1,1,1Gi,0.7,1.0,1.0,1.0,1.0,1.0,0.25660228729248047,1.239776611328125e-05,7.152557373046875e-07,0.28461790084838867,1.6689300537109375e-06,0.6068928241729736,latency_loss,0.675,0.675,0.675,5
1,1,1Gi,0.7,1.0,1.0,1.0,1.0,1.0,0.2100539207458496,6.198883056640625e-06,1.1920928955078125e-06,0.2785336971282959,1.1920928955078125e-06,0.5484035015106201,latency_loss,0.581,0.581,0.581,6
1,1,1Gi,0.7,1.0,1.0,1.0,1.0,1.0,0.2395951747894287,6.67572021484375e-06,9.5367431640625e-07,0.3099668025970459,1.9073486328125e-06,0.6048331260681152,latency_loss,0.681,0.681,0.681,7
1,1,1Gi,0.7,1.0,1.0,1.0,1.0,1.0,0.24905180931091309,6.4373016357421875e-06,9.5367431640625e-07,0.323197603225708,9.5367431640625e-07,0.6291408538818359,latency_loss,0.66,0.66,0.66,8
1,1,1Gi,0.7,1.0,1.0,1.0,1.0,1.0,0.26557421684265137,5.7220458984375e-06,7.152557373046875e-07,0.26015353202819824,9.5367431640625e-07,0.5874302387237549,latency_loss,0.616,0.616,0.616,9
1,1,1Gi,0.4,1.0,1.0,1.0,1.0,1.0,0.3053920269012451,5.4836273193359375e-06,1.430511474609375e-06,0.30677080154418945,9.5367431640625e-07,0.6789553165435791,latency_loss,0.734,0.734,0.734,0
1,1,1Gi,0.4,1.0,1.0,1.0,1.0,1.0,0.35792994499206543,6.4373016357421875e-06,7.152557373046875e-07,0.2707216739654541,9.5367431640625e-07,0.6887478828430176,latency_loss,0.72,0.72,0.72,1
1,1,1Gi,0.4,1.0,1.0,1.0,1.0,1.0,0.2782564163208008,2.384185791015625e-05,1.430511474609375e-06,0.27073144912719727,9.5367431640625e-07,0.608546257019043,latency_loss,0.659,0.659,0.659,2
1,1,1Gi,0.4,1.0,1.0,1.0,1.0,1.0,0.2897493839263916,1.0728836059570312e-05,4.76837158203125e-07,0.2718851566314697,9.5367431640625e-07,0.6167283058166504,latency_loss,0.643,0.643,0.643,3
1,1,1Gi,0.4,1.0,1.0,1.0,1.0,1.0,0.32486534118652344,7.152557373046875e-06,7.152557373046875e-07,0.323291540145874,2.86102294921875e-06,0.7115764617919922,latency_loss,0.74,0.74,0.74,4
1,1,1Gi,0.4,1.0,1.0,1.0,1.0,1.0,0.2767491340637207,1.2159347534179688e-05,7.152557373046875e-07,0.2442302703857422,1.1920928955078125e-06,0.5880303382873535,latency_loss,0.623,0.623,0.623,5
1,1,1Gi,0.4,1.0,1.0,1.0,1.0,1.0,0.26763129234313965,1.3828277587890625e-05,7.152557373046875e-07,0.2789497375488281,2.1457672119140625e-06,0.6084158420562744,latency_loss,0.64,0.64,0.64,6
1,1,1Gi,0.4,1.0,1.0,1.0,1.0,1.0,0.3169889450073242,6.9141387939453125e-06,7.152557373046875e-07,0.24401140213012695,1.9073486328125e-06,0.6307318210601807,latency_loss,0.711,0.711,0.711,7
1,1,1Gi,0.4,1.0,1.0,1.0,1.0,1.0,0.2582271099090576,6.4373016357421875e-06,4.76837158203125e-07,0.3213644027709961,1.430511474609375e-06,0.6384274959564209,latency_loss,0.659,0.659,0.659,8
1,1,1Gi,0.4,1.0,1.0,1.0,1.0,1.0,0.3613715171813965,6.4373016357421875e-06,7.152557373046875e-07,0.25962281227111816,7.152557373046875e-07,0.6797192096710205,latency_loss,0.71,0.71,0.71,9
1,1,1Gi,0.1,1.0,1.0,1.0,1.0,1.0,0.3768596649169922,5.9604644775390625e-06,4.76837158203125e-07,0.31111788749694824,1.430511474609375e-06,0.7503619194030762,latency_loss,0.783,0.783,0.783,0
1,1,1Gi,0.1,1.0,1.0,1.0,1.0,1.0,0.3209495544433594,6.198883056640625e-06,1.1920928955078125e-06,0.27009034156799316,9.5367431640625e-07,0.6542260646820068,latency_loss,0.722,0.722,0.722,1
1,1,1Gi,0.1,1.0,1.0,1.0,1.0,1.0,0.3388526439666748,8.106231689453125e-06,9.5367431640625e-07,0.2429666519165039,9.5367431640625e-07,0.6476421356201172,latency_loss,0.671,0.671,0.671,2
1,1,1Gi,0.1,1.0,1.0,1.0,1.0,1.0,0.34922218322753906,6.198883056640625e-06,7.152557373046875e-07,0.2961304187774658,2.6226043701171875e-06,0.7130172252655029,latency_loss,0.742,0.742,0.742,3
1,1,1Gi,0.1,1.0,1.0,1.0,1.0,1.0,0.3254427909851074,5.4836273193359375e-06,7.152557373046875e-07,0.2727963924407959,7.152557373046875e-07,0.6560988426208496,latency_loss,0.684,0.684,0.684,4
1,1,1Gi,0.1,1.0,1.0,1.0,1.0,1.0,0.34282517433166504,2.1457672119140625e-05,9.5367431640625e-07,0.33806443214416504,9.5367431640625e-07,0.7523155212402344,latency_loss,0.819,0.819,0.819,5
1,1,1Gi,0.1,1.0,1.0,1.0,1.0,1.0,0.3297159671783447,9.298324584960938e-06,7.152557373046875e-07,0.30150461196899414,1.430511474609375e-06,0.6995429992675781,latency_loss,0.726,0.726,0.726,6
1,1,1Gi,0.1,1.0,1.0,1.0,1.0,1.0,0.3568766117095947,1.2636184692382812e-05,9.5367431640625e-07,0.2519683837890625,2.86102294921875e-06,0.6804111003875732,latency_loss,0.712,0.712,0.712,7
1,1,1Gi,0.1,1.0,1.0,1.0,1.0,1.0,0.3497133255004883,6.67572021484375e-06,1.1920928955078125e-06,0.2749037742614746,7.152557373046875e-07,0.6892359256744385,latency_loss,0.717,0.717,0.717,8
1,1,1Gi,0.1,1.0,1.0,1.0,1.0,1.0,0.32666873931884766,1.049041748046875e-05,4.76837158203125e-07,0.23028087615966797,1.6689300537109375e-06,0.6215837001800537,latency_loss,0.652,0.652,0.652,9
1,1,1Gi,1.0,0.7,1.0,1.0,1.0,1.0,0.21254444122314453,1.4066696166992188e-05,7.152557373046875e-07,0.26237916946411133,7.152557373046875e-07,0.5368132591247559,latency_loss,0.571,0.571,0.571,0
1,1,1Gi,1.0,0.7,1.0,1.0,1.0,1.0,0.2625417709350586,1.5020370483398438e-05,9.5367431640625e-07,0.2730429172515869,2.1457672119140625e-06,0.5864801406860352,latency_loss,0.665,0.665,0.665,1
1,1,1Gi,1.0,0.7,1.0,1.0,1.0,1.0,0.21154475212097168,1.6450881958007812e-05,7.152557373046875e-07,0.2342689037322998,2.6226043701171875e-06,0.505842924118042,latency_loss,0.528,0.528,0.528,2
1,1,1Gi,1.0,0.7,1.0,1.0,1.0,1.0,0.25323033332824707,1.6927719116210938e-05,4.76837158203125e-07,0.2692403793334961,5.7220458984375e-06,0.5878293514251709,latency_loss,0.623,0.623,0.623,3
1,1,1Gi,1.0,0.7,1.0,1.0,1.0,1.0,0.24233388900756836,1.0967254638671875e-05,1.6689300537109375e-06,0.3145639896392822,2.384185791015625e-06,0.6178567409515381,latency_loss,0.708,0.708,0.708,4
1,1,1Gi,1.0,0.7,1.0,1.0,1.0,1.0,0.2349262237548828,9.059906005859375e-06,1.1920928955078125e-06,0.28020787239074707,9.5367431640625e-07,0.5740766525268555,latency_loss,0.617,0.617,0.617,5
1,1,1Gi,1.0,0.7,1.0,1.0,1.0,1.0,0.2553589344024658,8.821487426757812e-06,9.5367431640625e-07,0.30756378173828125,7.152557373046875e-07,0.6388261318206787,latency_loss,0.673,0.673,0.673,6
1,1,1Gi,1.0,0.7,1.0,1.0,1.0,1.0,0.271259069442749,1.2874603271484375e-05,9.5367431640625e-07,0.25757884979248047,7.152557373046875e-07,0.5915296077728271,latency_loss,0.642,0.642,0.642,7
1,1,1Gi,1.0,0.7,1.0,1.0,1.0,1.0,0.2271871566772461,1.4543533325195312e-05,7.152557373046875e-07,0.30069780349731445,9.5367431640625e-07,0.5899038314819336,latency_loss,0.622,0.622,0.622,8
1,1,1Gi,1.0,0.7,1.0,1.0,1.0,1.0,0.2543509006500244,9.059906005859375e-06,7.152557373046875e-07,0.29413771629333496,9.5367431640625e-07,0.6098356246948242,latency_loss,0.643,0.643,0.643,9
1,1,1Gi,1.0,0.4,1.0,1.0,1.0,1.0,0.28182220458984375,1.6450881958007812e-05,4.76837158203125e-07,0.254819393157959,9.5367431640625e-07,0.5951766967773438,latency_loss,0.65,0.65,0.65,0
1,1,1Gi,1.0,0.4,1.0,1.0,1.0,1.0,0.2574779987335205,3.147125244140625e-05,4.76837158203125e-07,0.3130607604980469,9.5367431640625e-07,0.6262803077697754,latency_loss,0.65,0.65,0.65,1
1,1,1Gi,1.0,0.4,1.0,1.0,1.0,1.0,0.2774512767791748,1.52587890625e-05,7.152557373046875e-07,0.3356802463531494,9.5367431640625e-07,0.6779663562774658,latency_loss,0.747,0.747,0.747,2
1,1,1Gi,1.0,0.4,1.0,1.0,1.0,1.0,0.25205016136169434,1.5497207641601562e-05,7.152557373046875e-07,0.24994778633117676,1.1920928955078125e-06,0.5563173294067383,latency_loss,0.577,0.577,0.577,3
1,1,1Gi,1.0,0.4,1.0,1.0,1.0,1.0,0.296921968460083,1.5974044799804688e-05,7.152557373046875e-07,0.25667309761047363,2.384185791015625e-06,0.6211378574371338,latency_loss,0.649,0.649,0.649,4
1,1,1Gi,1.0,0.4,1.0,1.0,1.0,1.0,0.2410433292388916,1.9073486328125e-05,7.152557373046875e-07,0.29784655570983887,9.5367431640625e-07,0.5997719764709473,latency_loss,0.634,0.634,0.634,5
1,1,1Gi,1.0,0.4,1.0,1.0,1.0,1.0,0.3170356750488281,1.9073486328125e-05,4.76837158203125e-07,0.34978818893432617,1.430511474609375e-06,0.7297828197479248,latency_loss,0.862,0.862,0.862,6
1,1,1Gi,1.0,0.4,1.0,1.0,1.0,1.0,0.28039002418518066,1.3113021850585938e-05,4.76837158203125e-07,0.2658407688140869,9.5367431640625e-07,0.6086792945861816,latency_loss,0.638,0.638,0.638,7
1,1,1Gi,1.0,0.4,1.0,1.0,1.0,1.0,0.2580604553222656,1.4781951904296875e-05,7.152557373046875e-07,0.25388169288635254,1.1920928955078125e-06,0.5758168697357178,latency_loss,0.613,0.613,0.613,8
1,1,1Gi,1.0,0.4,1.0,1.0,1.0,1.0,0.26999831199645996,1.4781951904296875e-05,9.5367431640625e-07,0.2723565101623535,1.1920928955078125e-06,0.6003203392028809,latency_loss,0.657,0.657,0.657,9
1,1,1Gi,1.0,0.1,1.0,1.0,1.0,1.0,0.2507505416870117,1.3828277587890625e-05,4.76837158203125e-07,0.2927224636077881,1.430511474609375e-06,0.5960872173309326,latency_loss,0.618,0.618,0.618,0
1,1,1Gi,1.0,0.1,1.0,1.0,1.0,1.0,0.2747156620025635,1.5974044799804688e-05,1.430511474609375e-06,0.27564573287963867,1.1920928955078125e-06,0.6169168949127197,latency_loss,0.645,0.645,0.645,1
1,1,1Gi,1.0,0.1,1.0,1.0,1.0,1.0,0.27433180809020996,1.9311904907226562e-05,9.5367431640625e-07,0.27467942237854004,7.152557373046875e-07,0.6070680618286133,latency_loss,0.64,0.64,0.64,2
1,1,1Gi,1.0,0.1,1.0,1.0,1.0,1.0,0.6200108528137207,1.7642974853515625e-05,4.76837158203125e-07,0.47909975051879883,1.6689300537109375e-06,1.1643891334533691,latency_loss,1.194,1.194,1.194,3
1,1,1Gi,1.0,0.1,1.0,1.0,1.0,1.0,0.3303542137145996,2.2172927856445312e-05,2.1457672119140625e-06,0.5346918106079102,1.6450881958007812e-05,0.9273991584777832,latency_loss,0.955,0.955,0.955,4
1,1,1Gi,1.0,0.1,1.0,1.0,1.0,1.0,0.38480472564697266,1.6450881958007812e-05,4.76837158203125e-07,0.4468116760253906,1.1920928955078125e-06,0.890716552734375,latency_loss,0.924,0.924,0.924,5
1,1,1Gi,1.0,0.1,1.0,1.0,1.0,1.0,0.40401172637939453,1.5497207641601562e-05,1.6689300537109375e-06,0.29728055000305176,9.5367431640625e-07,0.7601344585418701,latency_loss,0.789,0.789,0.789,6
1,1,1Gi,1.0,0.1,1.0,1.0,1.0,1.0,0.43038177490234375,1.8358230590820312e-05,9.5367431640625e-07,0.36135149002075195,1.9073486328125e-06,0.8539400100708008,latency_loss,0.913,0.913,0.913,7
1,1,1Gi,1.0,0.1,1.0,1.0,1.0,1.0,0.2986114025115967,1.8835067749023438e-05,1.1920928955078125e-06,0.31333160400390625,1.6689300537109375e-06,0.6730217933654785,latency_loss,0.707,0.707,0.707,8
1,1,1Gi,1.0,0.1,1.0,1.0,1.0,1.0,0.2671518325805664,1.71661376953125e-05,4.76837158203125e-07,0.3154468536376953,9.5367431640625e-07,0.6540193557739258,latency_loss,0.705,0.705,0.705,9
1,1,1Gi,1.0,1.0,0.7,1.0,1.0,1.0,0.26853013038635254,6.9141387939453125e-06,1.6689300537109375e-06,0.3087313175201416,7.152557373046875e-07,0.6368215084075928,latency_loss,0.66,0.66,0.66,0
1,1,1Gi,1.0,1.0,0.7,1.0,1.0,1.0,0.2848517894744873,5.7220458984375e-06,1.430511474609375e-06,0.2460024356842041,7.152557373046875e-07,0.5957410335540771,latency_loss,0.662,0.662,0.662,1
1,1,1Gi,1.0,1.0,0.7,1.0,1.0,1.0,0.24659228324890137,7.152557373046875e-06,1.6689300537109375e-06,0.2524855136871338,9.5367431640625e-07,0.5634393692016602,latency_loss,0.591,0.591,0.591,2
1,1,1Gi,1.0,1.0,0.7,1.0,1.0,1.0,0.2838139533996582,7.152557373046875e-06,1.1920928955078125e-06,0.28597474098205566,1.430511474609375e-06,0.6344046592712402,latency_loss,0.703,0.703,0.703,3
1,1,1Gi,1.0,1.0,0.7,1.0,1.0,1.0,0.22582006454467773,2.5510787963867188e-05,9.5367431640625e-07,0.2581508159637451,1.430511474609375e-06,0.5501091480255127,latency_loss,0.58,0.58,0.58,4
1,1,1Gi,1.0,1.0,0.7,1.0,1.0,1.0,0.28945302963256836,6.9141387939453125e-06,2.384185791015625e-06,0.29250121116638184,9.5367431640625e-07,0.6401808261871338,latency_loss,0.676,0.676,0.676,5
1,1,1Gi,1.0,1.0,0.7,1.0,1.0,1.0,0.2516896724700928,1.621246337890625e-05,1.6689300537109375e-06,0.27825069427490234,1.1920928955078125e-06,0.5901679992675781,latency_loss,0.62,0.62,0.62,6
1,1,1Gi,1.0,1.0,0.7,1.0,1.0,1.0,0.24193525314331055,7.867813110351562e-06,1.6689300537109375e-06,0.2529478073120117,3.0994415283203125e-06,0.5502665042877197,latency_loss,0.579,0.579,0.579,7
1,1,1Gi,1.0,1.0,0.7,1.0,1.0,1.0,0.29656243324279785,7.152557373046875e-06,1.6689300537109375e-06,0.293651819229126,9.5367431640625e-07,0.6586003303527832,latency_loss,0.69,0.69,0.69,8
1,1,1Gi,1.0,1.0,0.7,1.0,1.0,1.0,0.26161623001098633,5.4836273193359375e-06,9.5367431640625e-07,0.27930283546447754,9.5367431640625e-07,0.5982644557952881,latency_loss,0.636,0.636,0.636,9
1,1,1Gi,1.0,1.0,0.4,1.0,1.0,1.0,0.3247666358947754,7.3909759521484375e-06,1.1920928955078125e-06,0.25777411460876465,1.6689300537109375e-06,0.643517255783081,latency_loss,0.668,0.668,0.668,0
1,1,1Gi,1.0,1.0,0.4,1.0,1.0,1.0,0.2263956069946289,7.152557373046875e-06,1.430511474609375e-06,0.24238944053649902,1.430511474609375e-06,0.5282442569732666,latency_loss,0.559,0.559,0.559,1
1,1,1Gi,1.0,1.0,0.4,1.0,1.0,1.0,0.21617555618286133,5.4836273193359375e-06,1.430511474609375e-06,0.2770066261291504,1.1920928955078125e-06,0.5548100471496582,latency_loss,0.593,0.593,0.593,2
1,1,1Gi,1.0,1.0,0.4,1.0,1.0,1.0,0.2526373863220215,7.3909759521484375e-06,1.9073486328125e-06,0.23951077461242676,9.5367431640625e-07,0.5494019985198975,latency_loss,0.583,0.583,0.583,3
1,1,1Gi,1.0,1.0,0.4,1.0,1.0,1.0,0.27417612075805664,9.775161743164062e-06,1.430511474609375e-06,0.266329288482666,9.5367431640625e-07,0.606309175491333,latency_loss,0.686,0.686,0.686,4
1,1,1Gi,1.0,1.0,0.4,1.0,1.0,1.0,0.23162341117858887,8.344650268554688e-06,1.6689300537109375e-06,0.2740030288696289,9.5367431640625e-07,0.5589828491210938,latency_loss,0.591,0.591,0.591,5
1,1,1Gi,1.0,1.0,0.4,1.0,1.0,1.0,0.26239895820617676,1.0251998901367188e-05,1.430511474609375e-06,0.27427005767822266,1.1920928955078125e-06,0.5930979251861572,latency_loss,0.665,0.665,0.665,6
1,1,1Gi,1.0,1.0,0.4,1.0,1.0,1.0,0.2611391544342041,6.67572021484375e-06,1.1920928955078125e-06,0.33217549324035645,1.1920928955078125e-06,0.6485021114349365,latency_loss,0.715,0.715,0.715,7
1,1,1Gi,1.0,1.0,0.4,1.0,1.0,1.0,0.24432611465454102,5.245208740234375e-06,1.1920928955078125e-06,0.2677304744720459,9.5367431640625e-07,0.5774581432342529,latency_loss,0.611,0.611,0.611,8
1,1,1Gi,1.0,1.0,0.4,1.0,1.0,1.0,0.2500185966491699,7.3909759521484375e-06,1.430511474609375e-06,0.3022336959838867,9.5367431640625e-07,0.6089010238647461,latency_loss,0.641,0.641,0.641,9
1,1,1Gi,1.0,1.0,0.1,1.0,1.0,1.0,0.26136255264282227,6.198883056640625e-06,7.152557373046875e-07,0.2359001636505127,9.5367431640625e-07,0.5572421550750732,latency_loss,0.579,0.579,0.579,0
1,1,1Gi,1.0,1.0,0.1,1.0,1.0,1.0,0.26379919052124023,6.4373016357421875e-06,1.430511474609375e-06,0.24173879623413086,9.5367431640625e-07,0.5659351348876953,latency_loss,0.588,0.588,0.588,1
1,1,1Gi,1.0,1.0,0.1,1.0,1.0,1.0,0.22714018821716309,1.3113021850585938e-05,1.1920928955078125e-06,0.2641441822052002,7.152557373046875e-07,0.5557923316955566,latency_loss,0.623,0.623,0.623,2
1,1,1Gi,1.0,1.0,0.1,1.0,1.0,1.0,0.2161860466003418,6.9141387939453125e-06,1.1920928955078125e-06,0.26831603050231934,1.9073486328125e-06,0.547692060470581,latency_loss,0.607,0.607,0.607,3
1,1,1Gi,1.0,1.0,0.1,1.0,1.0,1.0,0.2262561321258545,5.4836273193359375e-06,2.1457672119140625e-06,0.27109837532043457,9.5367431640625e-07,0.5566866397857666,latency_loss,0.617,0.617,0.617,4
1,1,1Gi,1.0,1.0,0.1,1.0,1.0,1.0,0.27312350273132324,1.2636184692382812e-05,9.5367431640625e-07,0.2928285598754883,1.9073486328125e-06,0.6171624660491943,latency_loss,0.645,0.645,0.645,5
1,1,1Gi,1.0,1.0,0.1,1.0,1.0,1.0,0.2668113708496094,7.152557373046875e-06,7.152557373046875e-07,0.2743980884552002,1.1920928955078125e-06,0.6079785823822021,latency_loss,0.642,0.642,0.642,6
1,1,1Gi,1.0,1.0,0.1,1.0,1.0,1.0,0.22081470489501953,7.3909759521484375e-06,9.5367431640625e-07,0.2820751667022705,9.5367431640625e-07,0.5569961071014404,latency_loss,0.579,0.579,0.579,7
1,1,1Gi,1.0,1.0,0.1,1.0,1.0,1.0,0.21529364585876465,5.4836273193359375e-06,7.152557373046875e-07,0.29196596145629883,9.5367431640625e-07,0.5681920051574707,latency_loss,0.643,0.643,0.643,8
1,1,1Gi,1.0,1.0,0.1,1.0,1.0,1.0,0.2820885181427002,6.67572021484375e-06,1.430511474609375e-06,0.2771110534667969,9.5367431640625e-07,0.6160194873809814,latency_loss,0.685,0.685,0.685,9
1,1,1Gi,1.0,1.0,1.0,0.7,1.0,1.0,0.21474719047546387,1.9550323486328125e-05,1.1920928955078125e-06,0.2788550853729248,1.6689300537109375e-06,0.5481922626495361,latency_loss,0.634,0.634,0.634,0
1,1,1Gi,1.0,1.0,1.0,0.7,1.0,1.0,0.27368617057800293,7.3909759521484375e-06,7.152557373046875e-07,0.2569456100463867,9.5367431640625e-07,0.6006667613983154,latency_loss,0.629,0.629,0.629,1
1,1,1Gi,1.0,1.0,1.0,0.7,1.0,1.0,0.25966835021972656,1.0728836059570312e-05,4.76837158203125e-07,0.3102083206176758,9.5367431640625e-07,0.6295316219329834,latency_loss,0.712,0.712,0.712,2
1,1,1Gi,1.0,1.0,1.0,0.7,1.0,1.0,0.27518343925476074,5.245208740234375e-06,7.152557373046875e-07,0.2985095977783203,1.9073486328125e-06,0.6321194171905518,latency_loss,0.665,0.665,0.665,3
1,1,1Gi,1.0,1.0,1.0,0.7,1.0,1.0,0.23937058448791504,1.3113021850585938e-05,4.76837158203125e-07,0.2771470546722412,2.1457672119140625e-06,0.5793123245239258,latency_loss,0.611,0.611,0.611,4
1,1,1Gi,1.0,1.0,1.0,0.7,1.0,1.0,0.2650485038757324,1.0013580322265625e-05,7.152557373046875e-07,0.34951066970825195,1.430511474609375e-06,0.6780028343200684,latency_loss,0.703,0.703,0.703,5
1,1,1Gi,1.0,1.0,1.0,0.7,1.0,1.0,0.2700021266937256,7.152557373046875e-06,7.152557373046875e-07,0.32773566246032715,9.5367431640625e-07,0.6596376895904541,latency_loss,0.691,0.691,0.691,6
1,1,1Gi,1.0,1.0,1.0,0.7,1.0,1.0,0.2606830596923828,5.7220458984375e-06,4.76837158203125e-07,0.2776370048522949,7.152557373046875e-07,0.5981535911560059,latency_loss,0.626,0.626,0.626,7
1,1,1Gi,1.0,1.0,1.0,0.7,1.0,1.0,0.2122354507446289,6.9141387939453125e-06,7.152557373046875e-07,0.28896260261535645,3.337860107421875e-06,0.5587084293365479,latency_loss,0.622,0.622,0.622,8
1,1,1Gi,1.0,1.0,1.0,0.7,1.0,1.0,0.25786304473876953,1.2636184692382812e-05,7.152557373046875e-07,0.3178098201751709,1.1920928955078125e-06,0.639197826385498,latency_loss,0.671,0.671,0.671,9
1,1,1Gi,1.0,1.0,1.0,0.4,1.0,1.0,0.2260279655456543,6.198883056640625e-06,7.152557373046875e-07,0.3381025791168213,7.152557373046875e-07,0.6290271282196045,latency_loss,0.671,0.671,0.671,0
1,1,1Gi,1.0,1.0,1.0,0.4,1.0,1.0,0.27552008628845215,1.3113021850585938e-05,4.76837158203125e-07,0.32921481132507324,1.1920928955078125e-06,0.6739864349365234,latency_loss,0.701,0.701,0.701,1
1,1,1Gi,1.0,1.0,1.0,0.4,1.0,1.0,0.2568655014038086,7.867813110351562e-06,7.152557373046875e-07,0.3083915710449219,1.1920928955078125e-06,0.6298825740814209,latency_loss,0.699,0.699,0.699,2
1,1,1Gi,1.0,1.0,1.0,0.4,1.0,1.0,0.2546212673187256,5.7220458984375e-06,7.152557373046875e-07,0.3213620185852051,9.5367431640625e-07,0.641944408416748,latency_loss,0.716,0.716,0.716,3
1,1,1Gi,1.0,1.0,1.0,0.4,1.0,1.0,0.26780104637145996,6.67572021484375e-06,9.5367431640625e-07,0.31200098991394043,9.5367431640625e-07,0.6781952381134033,latency_loss,0.699,0.699,0.699,4
1,1,1Gi,1.0,1.0,1.0,0.4,1.0,1.0,0.26415300369262695,1.1205673217773438e-05,4.76837158203125e-07,0.312183141708374,7.152557373046875e-07,0.6504857540130615,latency_loss,0.705,0.705,0.705,5
1,1,1Gi,1.0,1.0,1.0,0.4,1.0,1.0,0.2999758720397949,6.67572021484375e-06,7.152557373046875e-07,0.2993347644805908,1.1920928955078125e-06,0.6619341373443604,latency_loss,0.694,0.694,0.694,6
1,1,1Gi,1.0,1.0,1.0,0.4,1.0,1.0,0.22691917419433594,2.0265579223632812e-05,4.76837158203125e-07,0.3377368450164795,1.430511474609375e-06,0.6328220367431641,latency_loss,0.663,0.663,0.663,7
1,1,1Gi,1.0,1.0,1.0,0.4,1.0,1.0,0.24596071243286133,7.152557373046875e-06,7.152557373046875e-07,0.35054993629455566,1.1920928955078125e-06,0.6624152660369873,latency_loss,0.742,0.742,0.742,8
1,1,1Gi,1.0,1.0,1.0,0.4,1.0,1.0,0.25052428245544434,7.867813110351562e-06,7.152557373046875e-07,0.3195619583129883,3.0994415283203125e-06,0.6349833011627197,latency_loss,0.661,0.661,0.661,9
1,1,1Gi,1.0,1.0,1.0,0.1,1.0,1.0,0.21299290657043457,5.9604644775390625e-06,4.76837158203125e-07,0.504786491394043,9.5367431640625e-07,0.7752549648284912,latency_loss,0.805,0.805,0.805,0
1,1,1Gi,1.0,1.0,1.0,0.1,1.0,1.0,0.2396397590637207,5.7220458984375e-06,4.76837158203125e-07,0.5382843017578125,1.430511474609375e-06,0.8377928733825684,latency_loss,0.865,0.865,0.865,1
1,1,1Gi,1.0,1.0,1.0,0.1,1.0,1.0,0.2610318660736084,6.67572021484375e-06,7.152557373046875e-07,0.5081474781036377,2.384185791015625e-06,0.8388023376464844,latency_loss,0.866,0.866,0.866,2
1,1,1Gi,1.0,1.0,1.0,0.1,1.0,1.0,0.23477983474731445,6.67572021484375e-06,9.5367431640625e-07,0.47518205642700195,9.5367431640625e-07,0.7971243858337402,latency_loss,0.823,0.823,0.823,3
1,1,1Gi,1.0,1.0,1.0,0.1,1.0,1.0,0.2598245143890381,8.821487426757812e-06,4.76837158203125e-07,0.5033156871795654,1.430511474609375e-06,0.8402783870697021,latency_loss,0.862,0.862,0.862,4
1,1,1Gi,1.0,1.0,1.0,0.1,1.0,1.0,0.25623655319213867,6.67572021484375e-06,1.1920928955078125e-06,0.49786829948425293,1.9073486328125e-06,0.8410420417785645,latency_loss,0.873,0.873,0.873,5
1,1,1Gi,1.0,1.0,1.0,0.1,1.0,1.0,0.21218442916870117,8.106231689453125e-06,1.1920928955078125e-06,0.5378553867340088,9.5367431640625e-07,0.8344845771789551,latency_loss,0.867,0.867,0.867,6
1,1,1Gi,1.0,1.0,1.0,0.1,1.0,1.0,0.23727846145629883,6.4373016357421875e-06,1.430511474609375e-06,0.543231725692749,2.1457672119140625e-06,0.8473083972930908,latency_loss,0.875,0.875,0.875,7
1,1,1Gi,1.0,1.0,1.0,0.1,1.0,1.0,0.22655320167541504,7.152557373046875e-06,7.152557373046875e-07,0.5405852794647217,9.5367431640625e-07,0.8302133083343506,latency_loss,0.871,0.871,0.871,8
1,1,1Gi,1.0,1.0,1.0,0.1,1.0,1.0,0.2897207736968994,6.198883056640625e-06,9.5367431640625e-07,0.5324592590332031,9.5367431640625e-07,0.8824248313903809,latency_loss,0.912,0.912,0.912,9
1,1,1Gi,1.0,1.0,1.0,1.0,0.7,1.0,0.23440814018249512,5.9604644775390625e-06,4.76837158203125e-07,0.25808262825012207,2.1457672119140625e-06,0.5586531162261963,latency_loss,0.592,0.592,0.592,0
1,1,1Gi,1.0,1.0,1.0,1.0,0.7,1.0,0.26897454261779785,6.4373016357421875e-06,9.5367431640625e-07,0.2808837890625,2.6226043701171875e-06,0.6076128482818604,latency_loss,0.677,0.677,0.677,1
1,1,1Gi,1.0,1.0,1.0,1.0,0.7,1.0,0.2567331790924072,5.7220458984375e-06,7.152557373046875e-07,0.24150919914245605,1.9073486328125e-06,0.5558388233184814,latency_loss,0.624,0.624,0.624,2
1,1,1Gi,1.0,1.0,1.0,1.0,0.7,1.0,0.25220513343811035,1.0013580322265625e-05,4.76837158203125e-07,0.2933671474456787,2.86102294921875e-06,0.6085565090179443,latency_loss,0.646,0.646,0.646,3
1,1,1Gi,1.0,1.0,1.0,1.0,0.7,1.0,0.22623801231384277,6.67572021484375e-06,4.76837158203125e-07,0.3376905918121338,3.0994415283203125e-06,0.6274614334106445,latency_loss,0.66,0.66,0.66,4
1,1,1Gi,1.0,1.0,1.0,1.0,0.7,1.0,0.28119611740112305,6.67572021484375e-06,7.152557373046875e-07,0.25394105911254883,3.814697265625e-06,0.5862798690795898,latency_loss,0.61,0.61,0.61,5
1,1,1Gi,1.0,1.0,1.0,1.0,0.7,1.0,0.2621927261352539,6.198883056640625e-06,9.5367431640625e-07,0.24427103996276855,3.337860107421875e-06,0.5585558414459229,latency_loss,0.589,0.589,0.589,6
1,1,1Gi,1.0,1.0,1.0,1.0,0.7,1.0,0.21989011764526367,8.106231689453125e-06,7.152557373046875e-07,0.27861499786376953,2.384185791015625e-06,0.5576512813568115,latency_loss,0.601,0.601,0.601,7
1,1,1Gi,1.0,1.0,1.0,1.0,0.7,1.0,0.24191069602966309,6.4373016357421875e-06,7.152557373046875e-07,0.40814208984375,1.9073486328125e-06,0.7080733776092529,latency_loss,0.734,0.734,0.734,8
1,1,1Gi,1.0,1.0,1.0,1.0,0.7,1.0,0.2529118061065674,8.58306884765625e-06,7.152557373046875e-07,0.311572790145874,1.6689300537109375e-06,0.6279129981994629,latency_loss,0.67,0.67,0.67,9
1,1,1Gi,1.0,1.0,1.0,1.0,0.4,1.0,0.2657625675201416,7.867813110351562e-06,4.76837158203125e-07,0.24550962448120117,3.0994415283203125e-06,0.578134298324585,latency_loss,0.61,0.61,0.61,0
1,1,1Gi,1.0,1.0,1.0,1.0,0.4,1.0,0.22580504417419434,6.198883056640625e-06,4.76837158203125e-07,0.3345482349395752,3.9577484130859375e-05,0.6195201873779297,latency_loss,0.65,0.65,0.65,1
1,1,1Gi,1.0,1.0,1.0,1.0,0.4,1.0,0.24450325965881348,7.62939453125e-06,1.1920928955078125e-06,0.2662394046783447,2.86102294921875e-06,0.5790746212005615,latency_loss,0.611,0.611,0.611,2
1,1,1Gi,1.0,1.0,1.0,1.0,0.4,1.0,0.2137293815612793,1.239776611328125e-05,4.76837158203125e-07,0.37627673149108887,4.76837158203125e-06,0.6576883792877197,latency_loss,0.725,0.725,0.725,3
1,1,1Gi,1.0,1.0,1.0,1.0,0.4,1.0,0.36771702766418457,1.3589859008789062e-05,7.152557373046875e-07,0.32664036750793457,4.0531158447265625e-06,0.7647016048431396,latency_loss,0.828,0.828,0.828,4
1,1,1Gi,1.0,1.0,1.0,1.0,0.4,1.0,0.32607483863830566,7.62939453125e-06,7.152557373046875e-07,0.30516934394836426,4.291534423828125e-06,0.6995100975036621,latency_loss,0.732,0.732,0.732,5
1,1,1Gi,1.0,1.0,1.0,1.0,0.4,1.0,0.35012292861938477,1.2874603271484375e-05,7.152557373046875e-07,0.26897430419921875,3.337860107421875e-06,0.6819257736206055,latency_loss,0.714,0.714,0.714,6
1,1,1Gi,1.0,1.0,1.0,1.0,0.4,1.0,0.29578328132629395,6.67572021484375e-06,9.5367431640625e-07,0.26264524459838867,3.337860107421875e-06,0.6173651218414307,latency_loss,0.65,0.65,0.65,7
1,1,1Gi,1.0,1.0,1.0,1.0,0.4,1.0,0.24052190780639648,6.198883056640625e-06,9.5367431640625e-07,0.26448798179626465,2.86102294921875e-06,0.5688376426696777,latency_loss,0.597,0.597,0.597,8
1,1,1Gi,1.0,1.0,1.0,1.0,0.4,1.0,0.3078153133392334,1.0967254638671875e-05,9.5367431640625e-07,0.3542146682739258,3.0994415283203125e-06,0.7200953960418701,latency_loss,0.754,0.754,0.754,9
1,1,1Gi,1.0,1.0,1.0,1.0,0.1,1.0,0.2470703125,2.8371810913085938e-05,9.5367431640625e-07,0.24647045135498047,4.0531158447265625e-06,0.5559520721435547,latency_loss,0.581,0.581,0.581,0
1,1,1Gi,1.0,1.0,1.0,1.0,0.1,1.0,0.31241345405578613,9.059906005859375e-06,7.152557373046875e-07,0.2596428394317627,3.814697265625e-06,0.6289396286010742,latency_loss,0.672,0.672,0.672,1
1,1,1Gi,1.0,1.0,1.0,1.0,0.1,1.0,0.25759196281433105,6.198883056640625e-06,1.6689300537109375e-06,0.27570199966430664,2.384185791015625e-06,0.5979158878326416,latency_loss,0.63,0.63,0.63,2
1,1,1Gi,1.0,1.0,1.0,1.0,0.1,1.0,0.23216462135314941,6.67572021484375e-06,4.76837158203125e-07,0.23593878746032715,2.86102294921875e-06,0.5258297920227051,latency_loss,0.547,0.547,0.547,3
1,1,1Gi,1.0,1.0,1.0,1.0,0.1,1.0,0.22973394393920898,6.198883056640625e-06,7.152557373046875e-07,0.2630457878112793,2.6226043701171875e-06,0.5460183620452881,latency_loss,0.571,0.571,0.571,4
1,1,1Gi,1.0,1.0,1.0,1.0,0.1,1.0,0.24553894996643066,5.9604644775390625e-06,7.152557373046875e-07,0.2497551441192627,3.337860107421875e-06,0.5562434196472168,latency_loss,0.587,0.587,0.587,5
1,1,1Gi,1.0,1.0,1.0,1.0,0.1,1.0,0.2821927070617676,5.0067901611328125e-06,9.5367431640625e-07,0.26890087127685547,2.6226043701171875e-06,0.6065301895141602,latency_loss,0.632,0.632,0.632,6
1,1,1Gi,1.0,1.0,1.0,1.0,0.1,1.0,0.2167510986328125,9.059906005859375e-06,7.152557373046875e-07,0.2873678207397461,3.337860107421875e-06,0.5669732093811035,latency_loss,0.608,0.608,0.608,7
1,1,1Gi,1.0,1.0,1.0,1.0,0.1,1.0,0.22378087043762207,1.33514404296875e-05,7.152557373046875e-07,0.2840723991394043,3.814697265625e-06,0.5786848068237305,latency_loss,0.608,0.608,0.608,8
1,1,1Gi,1.0,1.0,1.0,1.0,0.1,1.0,0.2432568073272705,6.4373016357421875e-06,9.5367431640625e-07,0.25461387634277344,1.9073486328125e-06,0.565558910369873,latency_loss,0.645,0.645,0.645,9
1,1,1Gi,1.0,1.0,1.0,1.0,1.0,0.7,0.27304601669311523,8.821487426757812e-06,1.1920928955078125e-06,0.2679920196533203,1.430511474609375e-06,0.5942237377166748,latency_loss,0.622,0.622,0.622,0
1,1,1Gi,1.0,1.0,1.0,1.0,1.0,0.7,0.23185062408447266,7.3909759521484375e-06,1.1920928955078125e-06,0.29807305335998535,9.5367431640625e-07,0.5883302688598633,latency_loss,0.628,0.628,0.628,1
1,1,1Gi,1.0,1.0,1.0,1.0,1.0,0.7,0.24407625198364258,6.9141387939453125e-06,7.152557373046875e-07,0.2615959644317627,9.5367431640625e-07,0.5718083381652832,latency_loss,0.6,0.6,0.6,2
1,1,1Gi,1.0,1.0,1.0,1.0,1.0,0.7,0.24268698692321777,5.4836273193359375e-06,1.1920928955078125e-06,0.2796976566314697,9.5367431640625e-07,0.5783123970031738,latency_loss,0.649,0.649,0.649,3
1,1,1Gi,1.0,1.0,1.0,1.0,1.0,0.7,0.3066380023956299,6.67572021484375e-06,7.152557373046875e-07,0.2855396270751953,1.430511474609375e-06,0.6592388153076172,latency_loss,0.692,0.692,0.692,4
1,1,1Gi,1.0,1.0,1.0,1.0,1.0,0.7,0.2540018558502197,7.62939453125e-06,1.1920928955078125e-06,0.3013293743133545,1.6689300537109375e-06,0.617793083190918,latency_loss,0.649,0.649,0.649,5
1,1,1Gi,1.0,1.0,1.0,1.0,1.0,0.7,0.31785058975219727,1.3589859008789062e-05,7.152557373046875e-07,0.3271768093109131,1.1920928955078125e-06,0.7097876071929932,latency_loss,0.742,0.742,0.742,6
1,1,1Gi,1.0,1.0,1.0,1.0,1.0,0.7,0.2887611389160156,6.9141387939453125e-06,9.5367431640625e-07,0.308077335357666,2.6226043701171875e-06,0.6603214740753174,latency_loss,0.743,0.743,0.743,7
1,1,1Gi,1.0,1.0,1.0,1.0,1.0,0.7,0.23951363563537598,5.245208740234375e-06,7.152557373046875e-07,0.2832169532775879,1.430511474609375e-06,0.5749561786651611,latency_loss,0.601,0.601,0.601,8
1,1,1Gi,1.0,1.0,1.0,1.0,1.0,0.7,0.25381040573120117,8.106231689453125e-06,4.76837158203125e-07,0.24630284309387207,1.430511474609375e-06,0.5673487186431885,latency_loss,0.6,0.6,0.6,9
1,1,1Gi,1.0,1.0,1.0,1.0,1.0,0.4,0.28811192512512207,8.344650268554688e-06,7.152557373046875e-07,0.3179302215576172,7.152557373046875e-07,0.6732141971588135,latency_loss,0.699,0.699,0.699,0
1,1,1Gi,1.0,1.0,1.0,1.0,1.0,0.4,0.22054338455200195,7.152557373046875e-06,4.76837158203125e-07,0.23458361625671387,1.1920928955078125e-06,0.5202372074127197,latency_loss,0.552,0.552,0.552,1
1,1,1Gi,1.0,1.0,1.0,1.0,1.0,0.4,0.2552220821380615,9.5367431640625e-06,1.1920928955078125e-06,0.32009434700012207,1.430511474609375e-06,0.6507439613342285,latency_loss,0.684,0.684,0.684,2
1,1,1Gi,1.0,1.0,1.0,1.0,1.0,0.4,0.23535704612731934,5.245208740234375e-06,7.152557373046875e-07,0.3089594841003418,1.1920928955078125e-06,0.6103050708770752,latency_loss,0.648,0.648,0.648,3
1,1,1Gi,1.0,1.0,1.0,1.0,1.0,0.4,0.2767050266265869,6.198883056640625e-06,4.76837158203125e-07,0.28248023986816406,1.1920928955078125e-06,0.618844747543335,latency_loss,0.649,0.649,0.649,4
1,1,1Gi,1.0,1.0,1.0,1.0,1.0,0.4,0.23511743545532227,5.9604644775390625e-06,7.152557373046875e-07,0.3145780563354492,9.5367431640625e-07,0.6218047142028809,latency_loss,0.655,0.655,0.655,5
1,1,1Gi,1.0,1.0,1.0,1.0,1.0,0.4,0.29009366035461426,7.62939453125e-06,4.76837158203125e-07,0.23710370063781738,1.430511474609375e-06,0.5870730876922607,latency_loss,0.674,0.674,0.674,6
1,1,1Gi,1.0,1.0,1.0,1.0,1.0,0.4,0.2835531234741211,5.9604644775390625e-06,7.152557373046875e-07,0.2962179183959961,9.5367431640625e-07,0.651724100112915,latency_loss,0.684,0.684,0.684,7
1,1,1Gi,1.0,1.0,1.0,1.0,1.0,0.4,0.2275390625,5.0067901611328125e-06,7.152557373046875e-07,0.29524660110473633,7.152557373046875e-07,0.5880312919616699,latency_loss,0.67,0.67,0.67,8
1,1,1Gi,1.0,1.0,1.0,1.0,1.0,0.4,0.21846342086791992,7.152557373046875e-06,4.76837158203125e-07,0.24724626541137695,7.152557373046875e-07,0.5292558670043945,latency_loss,0.605,0.605,0.605,9
1,1,1Gi,1.0,1.0,1.0,1.0,1.0,0.1,0.2560873031616211,7.152557373046875e-06,1.1920928955078125e-06,0.2982192039489746,9.5367431640625e-07,0.6544904708862305,latency_loss,0.719,0.719,0.719,0
1,1,1Gi,1.0,1.0,1.0,1.0,1.0,0.1,0.2943542003631592,1.2636184692382812e-05,4.76837158203125e-07,0.35967397689819336,9.5367431640625e-07,0.7263755798339844,latency_loss,0.756,0.756,0.756,1
1,1,1Gi,1.0,1.0,1.0,1.0,1.0,0.1,0.2541935443878174,5.245208740234375e-06,4.76837158203125e-07,0.2680470943450928,9.5367431640625e-07,0.6375696659088135,latency_loss,0.668,0.668,0.668,2
1,1,1Gi,1.0,1.0,1.0,1.0,1.0,0.1,0.26659488677978516,1.9550323486328125e-05,4.76837158203125e-07,0.3467440605163574,7.152557373046875e-07,0.7176508903503418,latency_loss,0.745,0.745,0.745,3
1,1,1Gi,1.0,1.0,1.0,1.0,1.0,0.1,0.2895684242248535,1.8835067749023438e-05,7.152557373046875e-07,0.3632533550262451,2.6226043701171875e-06,0.7249279022216797,latency_loss,0.814,0.814,0.814,4
1,1,1Gi,1.0,1.0,1.0,1.0,1.0,0.1,0.3884456157684326,1.3589859008789062e-05,7.152557373046875e-07,0.37528538703918457,3.0994415283203125e-06,0.8599510192871094,latency_loss,0.934,0.934,0.934,5
1,1,1Gi,1.0,1.0,1.0,1.0,1.0,0.1,0.26658129692077637,1.5497207641601562e-05,1.6689300537109375e-06,0.32982850074768066,1.1920928955078125e-06,0.7103023529052734,latency_loss,0.745,0.745,0.745,6
1,1,1Gi,1.0,1.0,1.0,1.0,1.0,0.1,0.2771296501159668,1.1920928955078125e-05,9.5367431640625e-07,0.34398341178894043,1.1920928955078125e-06,0.7231159210205078,latency_loss,0.782,0.782,0.782,7
1,1,1Gi,1.0,1.0,1.0,1.0,1.0,0.1,0.337324857711792,7.3909759521484375e-06,4.76837158203125e-07,0.38422584533691406,2.384185791015625e-06,0.8054172992706299,latency_loss,0.875,0.875,0.875,8
1,1,1Gi,1.0,1.0,1.0,1.0,1.0,0.1,0.33702969551086426,1.4543533325195312e-05,1.430511474609375e-06,0.32742834091186523,1.6689300537109375e-06,0.759512186050415,latency_loss,0.786,0.786,0.786,9
