cluster_config,cluster_config,cluster_config,function_resource_map,function_resource_map,function_resource_map,function_resource_map,function_resource_map,function_times,function_times,function_times,function_times,function_times,config_point_result,config_point_result,config_point_result,config_point_result,config_point_result
num_workers,cpu_per_worker,memory_per_worker,extractImgMetadata,transformMetadata,thumbnail,returnMetadata,createThumbnail,extractImgMetadata,transformMetadata,thumbnail,returnMetadata,createThumbnail,loss_used,loss_value,execution_time,cost_to_run,attempt_n
1,1,1Gi,1.0,1.0,1.0,1.0,1.0,0.23337221145629883,8.58306884765625e-06,0.2728409767150879,1.1920928955078125e-06,0.5527157783508301,latency_loss,0.617,0.617,1.05893874168396,0
1,1,1Gi,1.0,1.0,1.0,1.0,1.0,0.22736096382141113,5.0067901611328125e-06,0.2656853199005127,9.5367431640625e-07,0.5432121753692627,latency_loss,0.565,0.565,1.036264419555664,1
1,1,1Gi,1.0,1.0,1.0,1.0,1.0,0.21733355522155762,1.0251998901367188e-05,0.27809906005859375,9.5367431640625e-07,0.54486083984375,latency_loss,0.583,0.583,1.0403046607971191,2
1,1,1Gi,1.0,1.0,1.0,1.0,1.0,0.23818516731262207,6.67572021484375e-06,0.2509312629699707,9.5367431640625e-07,0.534705638885498,latency_loss,0.555,0.555,1.023829698562622,3
1,1,1Gi,1.0,1.0,1.0,1.0,1.0,0.2513298988342285,7.62939453125e-06,0.27430224418640137,1.1920928955078125e-06,0.5650641918182373,latency_loss,0.585,0.585,1.090705156326294,4
1,1,1Gi,0.1,0.1,0.1,0.1,0.1,0.4278297424316406,1.7404556274414062e-05,0.7980208396911621,2.384185791015625e-06,1.3419482707977295,latency_loss,1.366,1.366,0.2567818641662598,0
1,1,1Gi,0.1,0.1,0.1,0.1,0.1,0.39736366271972656,1.52587890625e-05,0.6402568817138672,2.6226043701171875e-06,1.213045597076416,latency_loss,1.307,1.307,0.22506840229034425,1
1,1,1Gi,0.1,0.1,0.1,0.1,0.1,0.4128272533416748,1.8358230590820312e-05,0.8160126209259033,3.0994415283203125e-06,1.4079902172088623,latency_loss,1.435,1.435,0.26368515491485595,2
1,1,1Gi,0.1,0.1,0.1,0.1,0.1,0.44582366943359375,1.6450881958007812e-05,0.732130765914917,5.0067901611328125e-06,1.3394057750701904,latency_loss,1.366,1.366,0.251738166809082,3
1,1,1Gi,0.1,0.1,0.1,0.1,0.1,0.5138590335845947,2.002716064453125e-05,0.7934229373931885,2.1457672119140625e-06,1.4257583618164062,latency_loss,1.492,1.492,0.2733062505722046,4
1,1,1Gi,0.4,1.0,0.7,0.2,1.0,0.27114081382751465,1.71661376953125e-05,0.24977874755859375,4.0531158447265625e-06,0.5688650608062744,latency_loss,0.589,0.589,0.8521844863891601,0
1,1,1Gi,0.4,1.0,0.7,0.2,1.0,0.24703764915466309,7.3909759521484375e-06,0.2578275203704834,3.0994415283203125e-06,0.5556042194366455,latency_loss,0.575,0.575,0.8349065542221069,1
1,1,1Gi,0.4,1.0,0.7,0.2,1.0,0.24698734283447266,1.3113021850585938e-05,0.24565386772155762,3.0994415283203125e-06,0.5451743602752686,latency_loss,0.565,0.565,0.8159407377243042,2
1,1,1Gi,0.4,1.0,0.7,0.2,1.0,0.2780582904815674,7.152557373046875e-06,0.2776045799255371,3.0994415283203125e-06,0.6042964458465576,latency_loss,0.626,0.626,0.9098507404327393,3
1,1,1Gi,0.4,1.0,0.7,0.2,1.0,0.25433921813964844,7.152557373046875e-06,0.2714266777038574,3.337860107421875e-06,0.5740511417388916,latency_loss,0.597,0.597,0.8657933235168458,4
1,1,1Gi,1.0,0.1,1.0,1.0,0.8,0.24936246871948242,2.2172927856445312e-05,0.2638561725616455,9.5367431640625e-07,0.554135799407959,latency_loss,0.617,0.617,0.9565304517745972,0
1,1,1Gi,1.0,0.1,1.0,1.0,0.8,0.20582246780395508,1.6450881958007812e-05,0.25945186614990234,9.5367431640625e-07,0.5143537521362305,latency_loss,0.542,0.542,0.876759934425354,1
1,1,1Gi,1.0,0.1,1.0,1.0,0.8,0.23934435844421387,1.5974044799804688e-05,0.27374267578125,9.5367431640625e-07,0.5675959587097168,latency_loss,0.615,0.615,0.9671663522720337,2
1,1,1Gi,1.0,0.1,1.0,1.0,0.8,0.23737311363220215,2.3126602172851562e-05,0.2832658290863037,2.6226043701171875e-06,0.564831018447876,latency_loss,0.586,0.586,0.9725086927413942,3
1,1,1Gi,1.0,0.1,1.0,1.0,0.8,0.23487114906311035,1.5020370483398438e-05,0.27880406379699707,1.1920928955078125e-06,0.5654826164245605,latency_loss,0.586,0.586,0.9660640001296996,4
1,1,1Gi,0.1,1.0,0.9,0.1,1.0,0.3087124824523926,5.4836273193359375e-06,0.28806090354919434,3.0994415283203125e-06,0.6546521186828613,latency_loss,0.683,0.683,0.9447839736938477,0
1,1,1Gi,0.1,1.0,0.9,0.1,1.0,0.3001875877380371,5.9604644775390625e-06,0.23030686378479004,2.86102294921875e-06,0.575157880783081,latency_loss,0.664,0.664,0.8124590635299682,1
1,1,1Gi,0.1,1.0,0.9,0.1,1.0,0.3434486389160156,1.1920928955078125e-05,0.28027820587158203,3.0994415283203125e-06,0.6699032783508301,latency_loss,0.699,0.699,0.9565107583999635,2
1,1,1Gi,0.1,1.0,0.9,0.1,1.0,0.2971982955932617,6.4373016357421875e-06,0.2300090789794922,3.814697265625e-06,0.5782394409179688,latency_loss,0.66,0.66,0.8149742603302002,3
1,1,1Gi,0.1,1.0,0.9,0.1,1.0,0.3030383586883545,6.67572021484375e-06,0.23281049728393555,3.337860107421875e-06,0.5833141803741455,latency_loss,0.607,0.607,0.8231544733047486,4
1,1,1Gi,1.0,1.0,0.5,1.0,1.0,0.2541632652282715,7.152557373046875e-06,0.2653350830078125,2.384185791015625e-06,0.5751752853393555,latency_loss,0.648,0.648,0.9620156288146973,0
1,1,1Gi,1.0,1.0,0.5,1.0,1.0,0.2150726318359375,1.3589859008789062e-05,0.32752466201782227,1.6689300537109375e-06,0.5950610637664795,latency_loss,0.618,0.618,0.9739112854003906,1
1,1,1Gi,1.0,1.0,0.5,1.0,1.0,0.23519659042358398,1.4781951904296875e-05,0.27460575103759766,1.1920928955078125e-06,0.5639598369598389,latency_loss,0.584,0.584,0.9364752769470215,2
1,1,1Gi,1.0,1.0,0.5,1.0,1.0,0.21912693977355957,2.9802322387695312e-05,0.31676459312438965,9.5367431640625e-07,0.5854544639587402,latency_loss,0.664,0.664,0.9629944562911987,3
1,1,1Gi,1.0,1.0,0.5,1.0,1.0,0.23424148559570312,6.4373016357421875e-06,0.2774653434753418,9.5367431640625e-07,0.56424880027771,latency_loss,0.641,0.641,0.9372303485870361,4
1,1,1Gi,0.4,0.6,0.6,0.4,0.2,0.34742164611816406,1.3589859008789062e-05,0.374805212020874,5.7220458984375e-06,0.8025262355804443,latency_loss,0.827,0.827,0.5243674755096436,0
1,1,1Gi,0.4,0.6,0.6,0.4,0.2,0.3923912048339844,1.3113021850585938e-05,0.38419198989868164,3.337860107421875e-06,0.8295631408691406,latency_loss,0.854,0.854,0.5533935070037842,1
1,1,1Gi,0.4,0.6,0.6,0.4,0.2,0.31427550315856934,2.765655517578125e-05,0.402846097946167,3.0994415283203125e-06,0.7700235843658447,latency_loss,0.835,0.835,0.5214404106140136,2
1,1,1Gi,0.4,0.6,0.6,0.4,0.2,0.31297755241394043,1.9788742065429688e-05,0.40454721450805664,2.6226043701171875e-06,0.8313617706298828,latency_loss,0.878,0.878,0.5342046260833739,3
1,1,1Gi,0.4,0.6,0.6,0.4,0.2,0.3366117477416992,1.5497207641601562e-05,0.5177826881408691,4.0531158447265625e-06,0.9525389671325684,latency_loss,0.978,0.978,0.6358330249786377,4
1,1,1Gi,1.0,0.1,0.8,0.1,1.0,0.2585916519165039,2.5272369384765625e-05,0.3506045341491699,4.0531158447265625e-06,0.6684458255767822,latency_loss,0.696,0.696,1.207524037361145,0
1,1,1Gi,1.0,0.1,0.8,0.1,1.0,0.2781352996826172,1.33514404296875e-05,0.2879819869995117,3.5762786865234375e-06,0.6165969371795654,latency_loss,0.644,0.644,1.1251195192337038,1
1,1,1Gi,1.0,0.1,0.8,0.1,1.0,0.26775527000427246,2.765655517578125e-05,0.29042625427246094,4.0531158447265625e-06,0.6102602481842041,latency_loss,0.64,0.64,1.1103596925735475,2
1,1,1Gi,1.0,0.1,0.8,0.1,1.0,0.32875585556030273,2.9802322387695312e-05,0.30464720726013184,2.6226043701171875e-06,0.6943879127502441,latency_loss,0.743,0.743,1.2668647766113281,3
1,1,1Gi,1.0,0.1,0.8,0.1,1.0,0.23515677452087402,1.5497207641601562e-05,0.3080289363861084,3.5762786865234375e-06,0.5980327129364014,latency_loss,0.627,0.627,1.0796145439147948,4
1,1,1Gi,0.1,1.0,0.8,1.0,1.0,0.45174288749694824,1.1444091796875e-05,0.29351329803466797,7.152557373046875e-07,0.7962801456451416,latency_loss,0.875,0.875,1.076277232170105,0
1,1,1Gi,0.1,1.0,0.8,1.0,1.0,0.33335208892822266,7.867813110351562e-06,0.29703521728515625,1.1920928955078125e-06,0.6878166198730469,latency_loss,0.753,0.753,0.9587890625,1
1,1,1Gi,0.1,1.0,0.8,1.0,1.0,0.34770798683166504,1.3113021850585938e-05,0.2807033061981201,9.5367431640625e-07,0.6798365116119385,latency_loss,0.709,0.709,0.939184021949768,2
1,1,1Gi,0.1,1.0,0.8,1.0,1.0,0.37388181686401367,1.0967254638671875e-05,0.3115544319152832,9.5367431640625e-07,0.7403872013092041,latency_loss,0.813,0.813,1.027030849456787,3
1,1,1Gi,0.1,1.0,0.8,1.0,1.0,0.37004566192626953,7.62939453125e-06,0.2555575370788574,1.1920928955078125e-06,0.6841022968292236,latency_loss,0.72,0.72,0.9255617141723633,4
1,1,1Gi,0.6,1.0,1.0,1.0,1.0,0.22217440605163574,1.2159347534179688e-05,0.2626199722290039,1.430511474609375e-06,0.528839111328125,latency_loss,0.607,0.607,0.9247773170471192,0
1,1,1Gi,0.6,1.0,1.0,1.0,1.0,0.2687685489654541,1.9073486328125e-05,0.2869911193847656,1.430511474609375e-06,0.6058943271636963,latency_loss,0.638,0.638,1.0541670799255372,1
1,1,1Gi,0.6,1.0,1.0,1.0,1.0,0.26743531227111816,2.956390380859375e-05,0.30248308181762695,9.5367431640625e-07,0.6161525249481201,latency_loss,0.638,0.638,1.079127311706543,2
1,1,1Gi,0.6,1.0,1.0,1.0,1.0,0.36124086380004883,5.4836273193359375e-06,0.3033320903778076,7.152557373046875e-07,0.7079064846038818,latency_loss,0.73,0.73,1.2279892921447755,3
1,1,1Gi,0.6,1.0,1.0,1.0,1.0,0.22880339622497559,1.2636184692382812e-05,0.2503046989440918,1.1920928955078125e-06,0.5286030769348145,latency_loss,0.56,0.56,0.9162036418914795,4
1,1,1Gi,1.0,0.6,1.0,0.1,0.8,0.24761509895324707,1.71661376953125e-05,0.27197718620300293,3.337860107421875e-06,0.56667160987854,latency_loss,0.644,0.644,0.97294020652771,0
1,1,1Gi,1.0,0.6,1.0,0.1,0.8,0.22348737716674805,4.57763671875e-05,0.30912113189697266,4.291534423828125e-06,0.5778965950012207,latency_loss,0.604,0.604,0.9949536800384522,1
1,1,1Gi,1.0,0.6,1.0,0.1,0.8,0.2582066059112549,3.0279159545898438e-05,0.2805216312408447,2.86102294921875e-06,0.5886764526367188,latency_loss,0.612,0.612,1.0096878528594972,2
1,1,1Gi,1.0,0.6,1.0,0.1,0.8,0.2481706142425537,1.6450881958007812e-05,0.24635553359985352,5.245208740234375e-06,0.5431840419769287,latency_loss,0.582,0.582,0.929083776473999,3
1,1,1Gi,1.0,0.6,1.0,0.1,0.8,0.23143839836120605,1.5735626220703125e-05,0.3088853359222412,3.0994415283203125e-06,0.5875308513641357,latency_loss,0.661,0.661,1.010358166694641,4
1,1,1Gi,1.0,1.0,0.1,1.0,0.1,0.27153706550598145,6.67572021484375e-06,0.6884415149688721,9.5367431640625e-07,1.082221269607544,latency_loss,1.108,1.108,0.4486109733581543,0
1,1,1Gi,1.0,1.0,0.1,1.0,0.1,0.25081562995910645,5.7220458984375e-06,0.9254519939422607,1.6689300537109375e-06,1.2375104427337646,latency_loss,1.262,1.262,0.4671192646026611,1
1,1,1Gi,1.0,1.0,0.1,1.0,0.1,0.28185105323791504,7.152557373046875e-06,0.7096459865570068,7.152557373046875e-07,1.098369836807251,latency_loss,1.123,1.123,0.4626605033874512,2
1,1,1Gi,1.0,1.0,0.1,1.0,0.1,0.2825198173522949,7.3909759521484375e-06,0.7767901420593262,9.5367431640625e-07,1.1236121654510498,latency_loss,1.194,1.194,0.4725683927536011,3
1,1,1Gi,1.0,1.0,0.1,1.0,0.1,0.29520678520202637,1.52587890625e-05,0.7515804767608643,9.5367431640625e-07,1.1620843410491943,latency_loss,1.247,1.247,0.4865894794464111,4
1,1,1Gi,1.0,1.0,1.0,0.1,0.1,0.26130104064941406,6.4373016357421875e-06,0.3088545799255371,4.0531158447265625e-06,0.6746492385864258,latency_loss,0.708,0.708,0.637627387046814,0
1,1,1Gi,1.0,1.0,1.0,0.1,0.1,0.2591416835784912,1.3828277587890625e-05,0.2698538303375244,5.4836273193359375e-06,0.6366329193115234,latency_loss,0.664,0.664,0.5926731824874878,1
1,1,1Gi,1.0,1.0,1.0,0.1,0.1,0.2774696350097656,9.059906005859375e-06,0.2850961685180664,2.384185791015625e-06,0.6443109512329102,latency_loss,0.676,0.676,0.627006196975708,2
1,1,1Gi,1.0,1.0,1.0,0.1,0.1,0.3124697208404541,5.4836273193359375e-06,0.31050825119018555,3.337860107421875e-06,0.7292327880859375,latency_loss,0.755,0.755,0.6959070682525634,3
1,1,1Gi,1.0,1.0,1.0,0.1,0.1,0.23333334922790527,1.1682510375976562e-05,0.30190515518188477,2.1457672119140625e-06,0.6068553924560547,latency_loss,0.676,0.676,0.5959359407424927,4
1,1,1Gi,1.0,1.0,0.8,1.0,1.0,0.26868343353271484,9.059906005859375e-06,0.2786076068878174,9.5367431640625e-07,0.5982129573822021,latency_loss,0.627,0.627,1.0897924900054932,0
1,1,1Gi,1.0,1.0,0.8,1.0,1.0,0.2608473300933838,2.574920654296875e-05,0.25580739974975586,9.5367431640625e-07,0.5600254535675049,latency_loss,0.587,0.587,1.0255454063415528,1
1,1,1Gi,1.0,1.0,0.8,1.0,1.0,0.24598217010498047,1.049041748046875e-05,0.28737974166870117,2.384185791015625e-06,0.5842030048370361,latency_loss,0.606,0.606,1.0601018428802491,2
1,1,1Gi,1.0,1.0,0.8,1.0,1.0,0.26662540435791016,9.059906005859375e-06,0.2780478000640869,2.384185791015625e-06,0.5965633392333984,latency_loss,0.662,0.662,1.085638427734375,3
1,1,1Gi,1.0,1.0,0.8,1.0,1.0,0.2633965015411377,1.049041748046875e-05,0.24875473976135254,2.1457672119140625e-06,0.5555284023284912,latency_loss,0.578,0.578,1.0179413318634034,4
1,1,1Gi,1.0,1.0,1.0,1.0,0.4,0.23623251914978027,5.7220458984375e-06,0.2956416606903076,7.152557373046875e-07,0.5863239765167236,latency_loss,0.672,0.672,0.7664102077484131,0
1,1,1Gi,1.0,1.0,1.0,1.0,0.4,0.22095918655395508,1.9788742065429688e-05,0.2828843593597412,7.152557373046875e-07,0.5448558330535889,latency_loss,0.573,0.573,0.7218063831329345,1
1,1,1Gi,1.0,1.0,1.0,1.0,0.4,0.23540663719177246,1.3828277587890625e-05,0.2531147003173828,1.1920928955078125e-06,0.545464277267456,latency_loss,0.575,0.575,0.7067220687866211,2
1,1,1Gi,1.0,1.0,1.0,1.0,0.4,0.2340373992919922,8.106231689453125e-06,0.2826569080352783,1.6689300537109375e-06,0.5615253448486328,latency_loss,0.589,0.589,0.7413142204284668,3
1,1,1Gi,1.0,1.0,1.0,1.0,0.4,0.27498507499694824,6.9141387939453125e-06,0.29291844367980957,9.5367431640625e-07,0.6117243766784668,latency_loss,0.687,0.687,0.8126011371612549,4
1,1,1Gi,0.6,1.0,0.9,0.1,1.0,0.279327392578125,1.3113021850585938e-05,0.27274489402770996,3.337860107421875e-06,0.5992453098297119,latency_loss,0.664,0.664,1.0123255968093872,0
1,1,1Gi,0.6,1.0,0.9,0.1,1.0,0.25940561294555664,6.9141387939453125e-06,0.27323341369628906,3.814697265625e-06,0.581043004989624,latency_loss,0.613,0.613,0.9826037406921386,1
1,1,1Gi,0.6,1.0,0.9,0.1,1.0,0.2702479362487793,8.106231689453125e-06,0.2647416591644287,2.86102294921875e-06,0.5788512229919434,latency_loss,0.649,0.649,0.9792758703231812,2
1,1,1Gi,0.6,1.0,0.9,0.1,1.0,0.2799389362335205,7.3909759521484375e-06,0.29134583473205566,3.814697265625e-06,0.6181230545043945,latency_loss,0.659,0.659,1.0483054399490357,3
1,1,1Gi,0.6,1.0,0.9,0.1,1.0,0.268963098526001,6.4373016357421875e-06,0.2842552661895752,4.0531158447265625e-06,0.5979995727539062,latency_loss,0.626,0.626,1.0152140140533448,4
1,1,1Gi,0.3,1.0,1.0,1.0,0.5,0.3382225036621094,9.298324584960938e-06,0.29698657989501953,9.5367431640625e-07,0.6857438087463379,latency_loss,0.772,0.772,0.7413354873657226,0
1,1,1Gi,0.3,1.0,1.0,1.0,0.5,0.2884483337402344,1.0251998901367188e-05,0.3580141067504883,1.430511474609375e-06,0.7010674476623535,latency_loss,0.732,0.732,0.7950940132141113,1
1,1,1Gi,0.3,1.0,1.0,1.0,0.5,0.32529139518737793,6.67572021484375e-06,0.31916332244873047,1.9073486328125e-06,0.693859338760376,latency_loss,0.718,0.718,0.7636889934539794,2
1,1,1Gi,0.3,1.0,1.0,1.0,0.5,0.3374056816101074,8.106231689453125e-06,0.26789307594299316,1.1920928955078125e-06,0.6628272533416748,latency_loss,0.737,0.737,0.7005377054214478,3
1,1,1Gi,0.3,1.0,1.0,1.0,0.5,0.35137152671813965,1.0728836059570312e-05,0.29592156410217285,9.5367431640625e-07,0.7175536155700684,latency_loss,0.756,0.756,0.760121512413025,4
1,1,1Gi,0.1,1.0,0.6,0.1,1.0,0.36757826805114746,7.152557373046875e-06,0.27123284339904785,2.384185791015625e-06,0.6910746097564697,latency_loss,0.722,0.722,0.8905795335769653,0
1,1,1Gi,0.1,1.0,0.6,0.1,1.0,0.3060743808746338,9.775161743164062e-06,0.289104700088501,2.86102294921875e-06,0.6497073173522949,latency_loss,0.736,0.736,0.853787636756897,1
1,1,1Gi,0.1,1.0,0.6,0.1,1.0,0.30527758598327637,8.821487426757812e-06,0.3021047115325928,2.6226043701171875e-06,0.6611716747283936,latency_loss,0.714,0.714,0.8729713439941407,2
1,1,1Gi,0.1,1.0,0.6,0.1,1.0,0.3024306297302246,1.0251998901367188e-05,0.26787424087524414,5.4836273193359375e-06,0.6229004859924316,latency_loss,0.653,0.653,0.8138788938522339,3
1,1,1Gi,0.1,1.0,0.6,0.1,1.0,0.33304810523986816,7.62939453125e-06,0.30017781257629395,3.0994415283203125e-06,0.6873266696929932,latency_loss,0.712,0.712,0.9007461071014404,4
1,1,1Gi,1.0,0.1,1.0,1.0,1.0,0.25826454162597656,1.4543533325195312e-05,0.26847124099731445,2.384185791015625e-06,0.5745730400085449,latency_loss,0.64,0.64,1.1013126611709594,0
1,1,1Gi,1.0,0.1,1.0,1.0,1.0,0.29470157623291016,6.341934204101562e-05,0.2852811813354492,5.4836273193359375e-06,0.6378993988037109,latency_loss,0.66,0.66,1.2178939819335937,1
1,1,1Gi,1.0,0.1,1.0,1.0,1.0,0.2773702144622803,2.002716064453125e-05,0.24791884422302246,1.430511474609375e-06,0.5770223140716553,latency_loss,0.598,0.598,1.1023148059844972,2
1,1,1Gi,1.0,0.1,1.0,1.0,1.0,0.25028014183044434,2.0265579223632812e-05,0.27004551887512207,1.1920928955078125e-06,0.5671670436859131,latency_loss,0.625,0.625,1.0874959230422974,3
1,1,1Gi,1.0,0.1,1.0,1.0,1.0,0.26506614685058594,1.7404556274414062e-05,0.2881605625152588,1.9073486328125e-06,0.603935956954956,latency_loss,0.632,0.632,1.157166314125061,4
1,1,1Gi,1.0,1.0,0.8,0.1,1.0,0.2752976417541504,7.152557373046875e-06,0.29282712936401367,2.384185791015625e-06,0.6263344287872314,latency_loss,0.656,0.656,1.1359011650085449,0
1,1,1Gi,1.0,1.0,0.8,0.1,1.0,0.28531956672668457,1.6927719116210938e-05,0.25733399391174316,2.86102294921875e-06,0.597353458404541,latency_loss,0.672,0.672,1.0885574340820312,1
1,1,1Gi,1.0,1.0,0.8,0.1,1.0,0.21759295463562012,8.344650268554688e-06,0.24790549278259277,3.0994415283203125e-06,0.5187091827392578,latency_loss,0.55,0.55,0.9346351861953736,2
1,1,1Gi,1.0,1.0,0.8,0.1,1.0,0.26912641525268555,7.3909759521484375e-06,0.2734534740447998,3.0994415283203125e-06,0.5930371284484863,latency_loss,0.641,0.641,1.0809340238571168,3
1,1,1Gi,1.0,1.0,0.8,0.1,1.0,0.22806525230407715,6.198883056640625e-06,0.275418758392334,4.5299530029296875e-06,0.5553536415100098,latency_loss,0.576,0.576,1.0037605524063111,4
1,1,1Gi,1.0,1.0,0.8,1.0,0.6,0.2465963363647461,6.9141387939453125e-06,0.27057957649230957,1.430511474609375e-06,0.5690007209777832,latency_loss,0.601,0.601,0.8044687747955321,0
1,1,1Gi,1.0,1.0,0.8,1.0,0.6,0.32616114616394043,7.3909759521484375e-06,0.2854006290435791,2.6226043701171875e-06,0.6588773727416992,latency_loss,0.69,0.69,0.9498180866241455,1
1,1,1Gi,1.0,1.0,0.8,1.0,0.6,0.27293825149536133,7.3909759521484375e-06,0.2754991054534912,9.5367431640625e-07,0.5964317321777344,latency_loss,0.622,0.622,0.8512049198150635,2
1,1,1Gi,1.0,1.0,0.8,1.0,0.6,0.27321457862854004,7.3909759521484375e-06,0.25924134254455566,9.5367431640625e-06,0.5795259475708008,latency_loss,0.609,0.609,0.8283401489257813,3
1,1,1Gi,1.0,1.0,0.8,1.0,0.6,0.278522253036499,7.3909759521484375e-06,0.24722695350646973,1.6689300537109375e-06,0.5778656005859375,latency_loss,0.608,0.608,0.8230322360992431,4
1,1,1Gi,1.0,1.0,1.0,1.0,0.6,0.2279059886932373,1.33514404296875e-05,0.3006742000579834,2.86102294921875e-06,0.5794799327850342,latency_loss,0.687,0.687,0.8762843608856201,0
1,1,1Gi,1.0,1.0,1.0,1.0,0.6,0.2406167984008789,8.821487426757812e-06,0.25029683113098145,2.6226043701171875e-06,0.5430774688720703,latency_loss,0.607,0.607,0.8167715549468995,1
1,1,1Gi,1.0,1.0,1.0,1.0,0.6,0.2296743392944336,6.4373016357421875e-06,0.2786688804626465,1.1920928955078125e-06,0.5590372085571289,latency_loss,0.589,0.589,0.8437731742858887,2
1,1,1Gi,1.0,1.0,1.0,1.0,0.6,0.24593353271484375,1.4066696166992188e-05,0.28708386421203613,7.152557373046875e-07,0.5856757164001465,latency_loss,0.615,0.615,0.8844376087188721,3
1,1,1Gi,1.0,1.0,1.0,1.0,0.6,0.25397300720214844,8.821487426757812e-06,0.32329440116882324,9.5367431640625e-07,0.6223049163818359,latency_loss,0.647,0.647,0.9506601333618163,4
1,1,1Gi,1.0,1.0,1.0,0.1,1.0,0.25066208839416504,8.106231689453125e-06,0.25183558464050293,3.0994415283203125e-06,0.5451483726501465,latency_loss,0.575,0.575,1.0476544618606567,0
1,1,1Gi,1.0,1.0,1.0,0.1,1.0,0.27158212661743164,2.3603439331054688e-05,0.27053332328796387,4.0531158447265625e-06,0.5844063758850098,latency_loss,0.608,0.608,1.1265458345413208,1
1,1,1Gi,1.0,1.0,1.0,0.1,1.0,0.22780942916870117,6.198883056640625e-06,0.276989221572876,3.5762786865234375e-06,0.5534474849700928,latency_loss,0.602,0.602,1.0582526922225952,2
1,1,1Gi,1.0,1.0,1.0,0.1,1.0,0.23014259338378906,7.152557373046875e-06,0.25756096839904785,4.5299530029296875e-06,0.5392434597015381,latency_loss,0.571,0.571,1.0269546270370484,3
1,1,1Gi,1.0,1.0,1.0,0.1,1.0,0.31781530380249023,5.7220458984375e-06,0.27127504348754883,2.86102294921875e-06,0.6360862255096436,latency_loss,0.657,0.657,1.225182580947876,4
1,1,1Gi,1.0,1.0,0.9,0.1,0.7,0.24655866622924805,1.4066696166992188e-05,0.2518894672393799,4.0531158447265625e-06,0.5484488010406494,latency_loss,0.621,0.621,0.857187819480896,0
1,1,1Gi,1.0,1.0,0.9,0.1,0.7,0.23858380317687988,8.821487426757812e-06,0.36426877975463867,2.86102294921875e-06,0.6448757648468018,latency_loss,0.711,0.711,1.0178478479385376,1
1,1,1Gi,1.0,1.0,0.9,0.1,0.7,0.22824835777282715,1.049041748046875e-05,0.28699326515197754,4.0531158447265625e-06,0.5685951709747314,latency_loss,0.596,0.596,0.8845698118209839,2
1,1,1Gi,1.0,1.0,0.9,0.1,0.7,0.22390270233154297,8.344650268554688e-06,0.2767336368560791,3.814697265625e-06,0.5579099655151367,latency_loss,0.645,0.645,0.863508677482605,3
1,1,1Gi,1.0,1.0,0.9,0.1,0.7,0.21962857246398926,6.67572021484375e-06,0.26162266731262207,4.0531158447265625e-06,0.5233454704284668,latency_loss,0.61,0.61,0.8214378833770752,4
1,1,1Gi,1.0,1.0,1.0,1.0,0.7,0.254227876663208,5.4836273193359375e-06,0.2805063724517822,1.6689300537109375e-06,0.5827827453613281,latency_loss,0.609,0.609,0.9426893234252929,0
1,1,1Gi,1.0,1.0,1.0,1.0,0.7,0.25423574447631836,5.7220458984375e-06,0.29954099655151367,7.152557373046875e-07,0.6083939075469971,latency_loss,0.639,0.639,0.9796589136123657,1
1,1,1Gi,1.0,1.0,1.0,1.0,0.7,0.28347325325012207,1.3828277587890625e-05,0.24882173538208008,1.430511474609375e-06,0.5761616230010986,latency_loss,0.643,0.643,0.9356233835220337,2
1,1,1Gi,1.0,1.0,1.0,1.0,0.7,0.2586793899536133,1.1682510375976562e-05,0.29654669761657715,1.1920928955078125e-06,0.6084539890289307,latency_loss,0.637,0.637,0.9811567544937134,3
1,1,1Gi,1.0,1.0,1.0,1.0,0.7,0.23993444442749023,5.9604644775390625e-06,0.2717616558074951,9.5367431640625e-07,0.5595519542694092,latency_loss,0.591,0.591,0.9033893823623658,4
1,1,1Gi,0.8,0.1,1.0,0.1,0.4,0.288388729095459,1.5974044799804688e-05,0.2602663040161133,2.86102294921875e-06,0.6002905368804932,latency_loss,0.683,0.683,0.7310953855514526,0
1,1,1Gi,0.8,0.1,1.0,0.1,0.4,0.26933836936950684,2.3126602172851562e-05,0.2654280662536621,3.337860107421875e-06,0.5954504013061523,latency_loss,0.641,0.641,0.7190815687179566,1
1,1,1Gi,0.8,0.1,1.0,0.1,0.4,0.27608323097229004,2.5510787963867188e-05,0.3298306465148926,4.76837158203125e-06,0.6587495803833008,latency_loss,0.685,0.685,0.8142000913619996,2
1,1,1Gi,0.8,0.1,1.0,0.1,0.4,0.28455662727355957,2.1457672119140625e-05,0.27890682220458984,3.5762786865234375e-06,0.617328405380249,latency_loss,0.644,0.644,0.7534859895706177,3
1,1,1Gi,0.8,0.1,1.0,0.1,0.4,0.28127598762512207,1.71661376953125e-05,0.31906676292419434,2.6226043701171875e-06,0.6499602794647217,latency_loss,0.679,0.679,0.8040736436843872,4
1,1,1Gi,0.5,0.1,0.4,0.1,1.0,0.3120541572570801,2.47955322265625e-05,0.3303976058959961,4.0531158447265625e-06,0.6937072277069092,latency_loss,0.721,0.721,0.9818962335586547,0
1,1,1Gi,0.5,0.1,0.4,0.1,1.0,0.2649695873260498,2.288818359375e-05,0.3395402431488037,3.5762786865234375e-06,0.6586377620697021,latency_loss,0.69,0.69,0.9269412994384766,1
1,1,1Gi,0.5,0.1,0.4,0.1,1.0,0.29508471488952637,1.5735626220703125e-05,0.328582763671875,4.76837158203125e-06,0.675950288772583,latency_loss,0.746,0.746,0.9549278020858765,2
1,1,1Gi,0.5,0.1,0.4,0.1,1.0,0.28432583808898926,1.9550323486328125e-05,0.32146120071411133,3.0994415283203125e-06,0.6588425636291504,latency_loss,0.69,0.69,0.9295922279357911,3
1,1,1Gi,0.5,0.1,0.4,0.1,1.0,0.2582378387451172,1.621246337890625e-05,0.31879258155822754,3.0994415283203125e-06,0.6284201145172119,latency_loss,0.65,0.65,0.8850579977035522,4
1,1,1Gi,0.3,0.1,1.0,0.1,1.0,0.3069748878479004,1.6689300537109375e-05,0.2444610595703125,5.0067901611328125e-06,0.6059093475341797,latency_loss,0.674,0.674,0.9424650430679322,0
1,1,1Gi,0.3,0.1,1.0,0.1,1.0,0.289081335067749,1.8358230590820312e-05,0.2889719009399414,2.86102294921875e-06,0.6291446685791016,latency_loss,0.686,0.686,1.0048430919647218,1
1,1,1Gi,0.3,0.1,1.0,0.1,1.0,0.3068110942840576,1.52587890625e-05,0.2979257106781006,3.337860107421875e-06,0.658452033996582,latency_loss,0.678,0.678,1.048422932624817,2
1,1,1Gi,0.3,0.1,1.0,0.1,1.0,0.2782571315765381,1.5974044799804688e-05,0.24231648445129395,2.86102294921875e-06,0.567673921585083,latency_loss,0.613,0.613,0.8934694290161133,3
1,1,1Gi,0.3,0.1,1.0,0.1,1.0,0.2986893653869629,2.1696090698242188e-05,0.29109764099121094,3.337860107421875e-06,0.6392889022827148,latency_loss,0.667,0.667,1.0199958562850953,4
1,1,1Gi,1.0,0.1,0.8,0.1,0.5,0.27101635932922363,2.2649765014648438e-05,0.263948917388916,3.5762786865234375e-06,0.6002480983734131,latency_loss,0.633,0.633,0.7823021650314331,0
1,1,1Gi,1.0,0.1,0.8,0.1,0.5,0.22144675254821777,1.5497207641601562e-05,0.25794219970703125,4.76837158203125e-06,0.5408997535705566,latency_loss,0.567,0.567,0.6982524156570434,1
1,1,1Gi,1.0,0.1,0.8,0.1,0.5,0.26910400390625,1.7404556274414062e-05,0.2871096134185791,3.0994415283203125e-06,0.60426926612854,latency_loss,0.68,0.68,0.8009283781051636,2
1,1,1Gi,1.0,0.1,0.8,0.1,0.5,0.22716188430786133,1.5974044799804688e-05,0.29410576820373535,4.0531158447265625e-06,0.5786478519439697,latency_loss,0.654,0.654,0.7517724275588988,3
1,1,1Gi,1.0,0.1,0.8,0.1,0.5,0.27541470527648926,2.1457672119140625e-05,0.25463104248046875,3.5762786865234375e-06,0.5820648670196533,latency_loss,0.616,0.616,0.7701544761657715,4
1,1,1Gi,1.0,1.0,1.0,0.1,0.9,0.2147083282470703,9.5367431640625e-06,0.24337387084960938,5.0067901611328125e-06,0.5156466960906982,latency_loss,0.538,0.538,0.9221742630004883,0
1,1,1Gi,1.0,1.0,1.0,0.1,0.9,0.2644813060760498,7.3909759521484375e-06,0.24498367309570312,4.0531158447265625e-06,0.5601840019226074,latency_loss,0.589,0.589,1.0136383771896362,1
1,1,1Gi,1.0,1.0,1.0,0.1,0.9,0.22222256660461426,6.67572021484375e-06,0.24465727806091309,5.0067901611328125e-06,0.5133593082427979,latency_loss,0.54,0.54,0.9289103984832764,2
1,1,1Gi,1.0,1.0,1.0,0.1,0.9,0.26038193702697754,8.106231689453125e-06,0.29886484146118164,3.5762786865234375e-06,0.606682300567627,latency_loss,0.643,0.643,1.1052693128585815,3
1,1,1Gi,1.0,1.0,1.0,0.1,0.9,0.23123598098754883,5.9604644775390625e-06,0.27565789222717285,3.337860107421875e-06,0.5599584579467773,latency_loss,0.59,0.59,1.0108627796173095,4
1,1,1Gi,0.7,1.0,0.7,0.1,1.0,0.22701358795166016,1.6689300537109375e-05,0.25942063331604004,3.337860107421875e-06,0.5367393493652344,latency_loss,0.609,0.609,0.8772603273391724,0
1,1,1Gi,0.7,1.0,0.7,0.1,1.0,0.24496841430664062,1.2159347534179688e-05,0.2751283645629883,2.1457672119140625e-06,0.5768084526062012,latency_loss,0.646,0.646,0.9408885717391967,1
1,1,1Gi,0.7,1.0,0.7,0.1,1.0,0.2468562126159668,1.7642974853515625e-05,0.27935028076171875,4.291534423828125e-06,0.5768344402313232,latency_loss,0.61,0.61,0.945197057723999,2
1,1,1Gi,0.7,1.0,0.7,0.1,1.0,0.22782230377197266,1.2636184692382812e-05,0.25646519660949707,3.337860107421875e-06,0.5355536937713623,latency_loss,0.558,0.558,0.8745679140090942,3
1,1,1Gi,0.7,1.0,0.7,0.1,1.0,0.2662787437438965,6.67572021484375e-06,0.3086848258972168,3.337860107421875e-06,0.6265003681182861,latency_loss,0.651,0.651,1.028981876373291,4
1,1,1Gi,0.7,1.0,0.7,1.0,1.0,0.29154443740844727,5.7220458984375e-06,0.27982258796691895,1.1920928955078125e-06,0.6222305297851562,latency_loss,0.648,0.648,1.0221943616867066,0
1,1,1Gi,0.7,1.0,0.7,1.0,1.0,0.265214204788208,1.0728836059570312e-05,0.28707408905029297,1.1920928955078125e-06,0.60219407081604,latency_loss,0.671,0.671,0.9888077974319458,1
1,1,1Gi,0.7,1.0,0.7,1.0,1.0,0.22679424285888672,1.1682510375976562e-05,0.3238368034362793,1.1920928955078125e-06,0.5980751514434814,latency_loss,0.618,0.618,0.9835297584533691,2
1,1,1Gi,0.7,1.0,0.7,1.0,1.0,0.24393987655639648,7.152557373046875e-06,0.25008082389831543,9.5367431640625e-07,0.5529167652130127,latency_loss,0.594,0.594,0.8987393617630005,3
1,1,1Gi,0.7,1.0,0.7,1.0,1.0,0.22742938995361328,6.4373016357421875e-06,0.26512765884399414,9.5367431640625e-07,0.5481746196746826,latency_loss,0.582,0.582,0.8929719448089599,4
1,1,1Gi,1.0,1.0,1.0,0.1,0.7,0.25407934188842773,7.152557373046875e-06,0.28995537757873535,2.86102294921875e-06,0.5990040302276611,latency_loss,0.629,0.629,0.9633449792861939,0
1,1,1Gi,1.0,1.0,1.0,0.1,0.7,0.2826206684112549,3.337860107421875e-05,0.2456974983215332,2.86102294921875e-06,0.5784912109375,latency_loss,0.608,0.608,0.9332956790924072,1
1,1,1Gi,1.0,1.0,1.0,0.1,0.7,0.22133588790893555,7.867813110351562e-06,0.30177855491638184,3.5762786865234375e-06,0.5663087368011475,latency_loss,0.63,0.63,0.9195387840270997,2
1,1,1Gi,1.0,1.0,1.0,0.1,0.7,0.2481546401977539,6.198883056640625e-06,0.2882070541381836,5.245208740234375e-06,0.588864803314209,latency_loss,0.621,0.621,0.9485737800598144,3
1,1,1Gi,1.0,1.0,1.0,0.1,0.7,0.2557530403137207,9.775161743164062e-06,0.24774432182312012,3.0994415283203125e-06,0.5582928657531738,latency_loss,0.639,0.639,0.8943124532699585,4
1,1,1Gi,0.5,0.1,0.6,0.1,0.8,0.268779993057251,1.5020370483398438e-05,0.29495763778686523,3.0994415283203125e-06,0.6184966564178467,latency_loss,0.648,0.648,0.8061637163162232,0
1,1,1Gi,0.5,0.1,0.6,0.1,0.8,0.2756340503692627,4.458427429199219e-05,0.26511549949645996,7.152557373046875e-06,0.5974037647247314,latency_loss,0.621,0.621,0.774814510345459,1
1,1,1Gi,0.5,0.1,0.6,0.1,0.8,0.25127553939819336,1.9550323486328125e-05,0.3375210762023926,2.6226043701171875e-06,0.6445181369781494,latency_loss,0.726,0.726,0.8437671422958374,2
1,1,1Gi,0.5,0.1,0.6,0.1,0.8,0.2656717300415039,2.5272369384765625e-05,0.2911839485168457,1.6450881958007812e-05,0.6137316226959229,latency_loss,0.638,0.638,0.7985357046127319,3
1,1,1Gi,0.5,0.1,0.6,0.1,0.8,0.30936288833618164,1.6450881958007812e-05,0.2658724784851074,2.384185791015625e-06,0.6289012432098389,latency_loss,0.718,0.718,0.8173278093338012,4
1,1,1Gi,0.1,1.0,1.0,1.0,0.1,0.49918437004089355,1.1920928955078125e-05,0.3201940059661865,2.86102294921875e-06,0.9203355312347412,latency_loss,0.958,0.958,0.4621607780456543,0
1,1,1Gi,0.1,1.0,1.0,1.0,0.1,0.423429012298584,7.62939453125e-06,0.3013925552368164,1.1920928955078125e-06,0.8381788730621338,latency_loss,0.864,0.864,0.42756216526031493,1
1,1,1Gi,0.1,1.0,1.0,1.0,0.1,0.46991539001464844,5.9604644775390625e-06,0.31653642654418945,2.384185791015625e-06,0.892467737197876,latency_loss,0.968,0.968,0.4527830839157105,2
1,1,1Gi,0.1,1.0,1.0,1.0,0.1,0.4288368225097656,6.4373016357421875e-06,0.39913392066955566,2.86102294921875e-06,0.8939774036407471,latency_loss,0.957,0.957,0.5314246416091919,3
1,1,1Gi,0.1,1.0,1.0,1.0,0.1,0.3736119270324707,8.58306884765625e-06,0.2853057384490967,1.6689300537109375e-06,0.7569258213043213,latency_loss,0.784,0.784,0.3983697652816772,4
1,1,1Gi,1.0,1.0,0.1,0.1,1.0,0.26951169967651367,1.6450881958007812e-05,0.49298834800720215,2.384185791015625e-06,0.8096380233764648,latency_loss,0.835,0.835,1.1284652471542358,0
1,1,1Gi,1.0,1.0,0.1,0.1,1.0,0.2463996410369873,5.7220458984375e-06,0.4997367858886719,3.0994415283203125e-06,0.8019857406616211,latency_loss,0.838,0.838,1.0983650922775268,1
1,1,1Gi,1.0,1.0,0.1,0.1,1.0,0.21818876266479492,9.5367431640625e-06,0.4923868179321289,7.3909759521484375e-06,0.7590415477752686,latency_loss,0.784,0.784,1.0264792680740356,2
1,1,1Gi,1.0,1.0,0.1,0.1,1.0,0.2194805145263672,8.344650268554688e-06,0.5582981109619141,2.86102294921875e-06,0.8352298736572266,latency_loss,0.955,0.955,1.1105488300323487,3
1,1,1Gi,1.0,1.0,0.1,0.1,1.0,0.2622356414794922,1.0967254638671875e-05,0.5485057830810547,2.86102294921875e-06,0.855032205581665,latency_loss,0.93,0.93,1.1721296787261963,4
1,1,1Gi,1.0,0.1,0.7,1.0,0.8,0.26784825325012207,1.5020370483398438e-05,0.26018238067626953,1.1920928955078125e-06,0.5808308124542236,latency_loss,0.61,0.61,0.9146432638168336,0
1,1,1Gi,1.0,0.1,0.7,1.0,0.8,0.22119808197021484,1.2874603271484375e-05,0.2710151672363281,1.6689300537109375e-06,0.5399467945098877,latency_loss,0.565,0.565,0.8428690910339356,1
1,1,1Gi,1.0,0.1,0.7,1.0,0.8,0.23060941696166992,1.5974044799804688e-05,0.25562262535095215,7.152557373046875e-07,0.5443539619445801,latency_loss,0.578,0.578,0.8450307369232177,2
1,1,1Gi,1.0,0.1,0.7,1.0,0.8,0.24147605895996094,2.4318695068359375e-05,0.27887797355651855,2.86102294921875e-06,0.5648360252380371,latency_loss,0.587,0.587,0.8885647535324097,3
1,1,1Gi,1.0,0.1,0.7,1.0,0.8,0.28817224502563477,1.4781951904296875e-05,0.2901639938354492,7.152557373046875e-07,0.6287193298339844,latency_loss,0.668,0.668,0.9942646980285644,4
1,1,1Gi,1.0,0.1,1.0,1.0,0.5,0.23233389854431152,1.6927719116210938e-05,0.2900276184082031,2.86102294921875e-06,0.5688800811767578,latency_loss,0.601,0.601,0.8068061113357544,0
1,1,1Gi,1.0,0.1,1.0,1.0,0.5,0.22755813598632812,2.7894973754882812e-05,0.2526557445526123,2.86102294921875e-06,0.5286891460418701,latency_loss,0.558,0.558,0.7445641040802002,1
1,1,1Gi,1.0,0.1,1.0,1.0,0.5,0.2650916576385498,1.621246337890625e-05,0.2717270851135254,9.5367431640625e-07,0.5895650386810303,latency_loss,0.619,0.619,0.8316038370132446,2
1,1,1Gi,1.0,0.1,1.0,1.0,0.5,0.25618648529052734,1.5735626220703125e-05,0.24896669387817383,1.430511474609375e-06,0.5600752830505371,latency_loss,0.639,0.639,0.7851938247680664,3
1,1,1Gi,1.0,0.1,1.0,1.0,0.5,0.2670252323150635,1.8358230590820312e-05,0.24588823318481445,1.1920928955078125e-06,0.5700333118438721,latency_loss,0.617,0.617,0.7979331493377686,4
1,1,1Gi,1.0,1.0,0.8,1.0,0.3,0.24794840812683105,1.0013580322265625e-05,0.2694547176361084,7.152557373046875e-07,0.5746257305145264,latency_loss,0.609,0.609,0.6359106302261353,0
1,1,1Gi,1.0,1.0,0.8,1.0,0.3,0.32703709602355957,7.62939453125e-06,0.26558852195739746,9.5367431640625e-07,0.6503171920776367,latency_loss,0.678,0.678,0.7346116542816162,1
1,1,1Gi,1.0,1.0,0.8,1.0,0.3,0.2746291160583496,1.2636184692382812e-05,0.2752699851989746,1.430511474609375e-06,0.6092092990875244,latency_loss,0.636,0.636,0.6776219606399536,2
1,1,1Gi,1.0,1.0,0.8,1.0,0.3,0.26791906356811523,1.4066696166992188e-05,0.3103799819946289,1.430511474609375e-06,0.6598963737487793,latency_loss,0.74,0.74,0.7142074584960937,3
1,1,1Gi,1.0,1.0,0.8,1.0,0.3,0.25098085403442383,2.956390380859375e-05,0.3098740577697754,2.86102294921875e-06,0.6436657905578613,latency_loss,0.674,0.674,0.6920122623443603,4
1,1,1Gi,0.5,1.0,0.7,0.1,0.9,0.22678613662719727,6.9141387939453125e-06,0.31049251556396484,3.0994415283203125e-06,0.5861599445343018,latency_loss,0.613,0.613,0.8582890033721924,0
1,1,1Gi,0.5,1.0,0.7,0.1,0.9,0.26499485969543457,7.3909759521484375e-06,0.29753684997558594,5.9604644775390625e-06,0.6154861450195312,latency_loss,0.639,0.639,0.8947187423706054,1
1,1,1Gi,0.5,1.0,0.7,0.1,0.9,0.27509188652038574,1.3113021850585938e-05,0.3106226921081543,3.337860107421875e-06,0.6383533477783203,latency_loss,0.68,0.68,0.9295132875442504,2
1,1,1Gi,0.5,1.0,0.7,0.1,0.9,0.23358631134033203,7.62939453125e-06,0.28019118309020996,3.5762786865234375e-06,0.5658445358276367,latency_loss,0.587,0.587,0.8221950531005859,3
1,1,1Gi,0.5,1.0,0.7,0.1,0.9,0.2365427017211914,1.9311904907226562e-05,0.30434513092041016,2.6226043701171875e-06,0.5950503349304199,latency_loss,0.62,0.62,0.8668778181076051,4
1,1,1Gi,0.9,1.0,0.8,1.0,0.8,0.26821136474609375,8.106231689453125e-06,0.2792038917541504,1.430511474609375e-06,0.5963070392608643,latency_loss,0.662,0.662,0.9418085098266602,0
1,1,1Gi,0.9,1.0,0.8,1.0,0.8,0.2655642032623291,7.152557373046875e-06,0.2511134147644043,3.337860107421875e-06,0.5646781921386719,latency_loss,0.586,0.586,0.8916515588760376,1
1,1,1Gi,0.9,1.0,0.8,1.0,0.8,0.2172844409942627,1.0967254638671875e-05,0.28289103507995605,1.430511474609375e-06,0.5496771335601807,latency_loss,0.58,0.58,0.8616229295730591,2
1,1,1Gi,0.9,1.0,0.8,1.0,0.8,0.2611556053161621,7.62939453125e-06,0.24876666069030762,1.430511474609375e-06,0.5528388023376465,latency_loss,0.577,0.577,0.876333475112915,3
1,1,1Gi,0.9,1.0,0.8,1.0,0.8,0.22455167770385742,5.7220458984375e-06,0.25090479850769043,9.5367431640625e-07,0.5261132717132568,latency_loss,0.576,0.576,0.8237176418304444,4
1,1,1Gi,0.8,0.1,0.8,1.0,0.7,0.2564563751220703,1.8596649169921875e-05,0.31642913818359375,3.0994415283203125e-06,0.6286592483520508,latency_loss,0.691,0.691,0.8983748435974122,0
1,1,1Gi,0.8,0.1,0.8,1.0,0.7,0.23718476295471191,2.6702880859375e-05,0.2559163570404053,2.384185791015625e-06,0.5479006767272949,latency_loss,0.592,0.592,0.7780164241790771,1
1,1,1Gi,0.8,0.1,0.8,1.0,0.7,0.2704734802246094,1.9073486328125e-05,0.2789158821105957,1.1920928955078125e-06,0.6003987789154053,latency_loss,0.632,0.632,0.859793734550476,2
1,1,1Gi,0.8,0.1,0.8,1.0,0.7,0.24562954902648926,1.8835067749023438e-05,0.40049099922180176,2.86102294921875e-06,0.6996147632598877,latency_loss,0.73,0.73,1.0066315174102782,3
1,1,1Gi,0.8,0.1,0.8,1.0,0.7,0.26636743545532227,1.71661376953125e-05,0.2819361686706543,9.5367431640625e-07,0.5990533828735352,latency_loss,0.63,0.63,0.8579829216003418,4
1,1,1Gi,0.8,1.0,0.6,0.1,0.6,0.2634434700012207,9.059906005859375e-06,0.325747013092041,3.5762786865234375e-06,0.6397514343261719,latency_loss,0.717,0.717,0.7900632619857788,0
1,1,1Gi,0.8,1.0,0.6,0.1,0.6,0.2575366497039795,1.4066696166992188e-05,0.29468846321105957,5.7220458984375e-06,0.6166884899139404,latency_loss,0.644,0.644,0.7528701305389404,1
1,1,1Gi,0.8,1.0,0.6,0.1,0.6,0.2679476737976074,9.298324584960938e-06,0.3165760040283203,4.76837158203125e-06,0.639596700668335,latency_loss,0.702,0.702,0.7880715370178223,2
1,1,1Gi,0.8,1.0,0.6,0.1,0.6,0.23757195472717285,5.7220458984375e-06,0.28505682945251465,3.0994415283203125e-06,0.5766980648040771,latency_loss,0.623,0.623,0.7071165323257447,3
1,1,1Gi,0.8,1.0,0.6,0.1,0.6,0.24483346939086914,1.239776611328125e-05,0.2866837978363037,4.0531158447265625e-06,0.6064000129699707,latency_loss,0.687,0.687,0.7317298650741577,4
1,1,1Gi,0.5,0.1,0.6,0.1,1.0,0.23893356323242188,2.1457672119140625e-05,0.3061833381652832,2.384185791015625e-06,0.59920334815979,latency_loss,0.678,0.678,0.9023825168609619,0
1,1,1Gi,0.5,0.1,0.6,0.1,1.0,0.25379395484924316,1.6927719116210938e-05,0.26876235008239746,3.0994415283203125e-06,0.57578444480896,latency_loss,0.603,0.603,0.8639408349990845,1
1,1,1Gi,0.5,0.1,0.6,0.1,1.0,0.31385111808776855,1.8835067749023438e-05,0.3111898899078369,3.814697265625e-06,0.6703660488128662,latency_loss,0.699,0.699,1.014007806777954,2
1,1,1Gi,0.5,0.1,0.6,0.1,1.0,0.29474639892578125,2.2172927856445312e-05,0.3825113773345947,3.814697265625e-06,0.7407968044281006,latency_loss,0.796,0.796,1.1176794290542602,3
1,1,1Gi,0.5,0.1,0.6,0.1,1.0,0.32754015922546387,2.2172927856445312e-05,0.29521751403808594,2.86102294921875e-06,0.6768038272857666,latency_loss,0.741,0.741,1.0177069187164307,4
1,1,1Gi,0.3,1.0,0.1,0.1,1.0,0.30819058418273926,5.9604644775390625e-06,0.5103855133056641,3.0994415283203125e-06,0.8701736927032471,latency_loss,0.918,0.918,1.0136756896972656,0
1,1,1Gi,0.3,1.0,0.1,0.1,1.0,0.30834126472473145,8.344650268554688e-06,0.49649810791015625,3.0994415283203125e-06,0.854987382888794,latency_loss,0.925,0.925,0.9971482276916503,1
1,1,1Gi,0.3,1.0,0.1,0.1,1.0,0.31861329078674316,2.8848648071289062e-05,0.5148477554321289,6.67572021484375e-06,0.8971407413482666,latency_loss,0.968,0.968,1.0442390203475953,2
1,1,1Gi,0.3,1.0,0.1,0.1,1.0,0.29740190505981445,1.621246337890625e-05,0.5240681171417236,2.384185791015625e-06,0.8769426345825195,latency_loss,0.903,0.903,1.0185864686965942,3
1,1,1Gi,0.3,1.0,0.1,0.1,1.0,0.2674267292022705,1.4066696166992188e-05,0.5477790832519531,2.6226043701171875e-06,0.8726933002471924,latency_loss,0.901,0.901,1.0077135562896729,4
1,1,1Gi,1.0,1.0,0.9,1.0,0.8,0.28470635414123535,6.9141387939453125e-06,0.29492616653442383,2.384185791015625e-06,0.6351985931396484,latency_loss,0.706,0.706,1.0583080768585207,0
1,1,1Gi,1.0,1.0,0.9,1.0,0.8,0.22237038612365723,1.0967254638671875e-05,0.29055356979370117,7.152557373046875e-07,0.5593130588531494,latency_loss,0.587,0.587,0.9313307285308838,1
1,1,1Gi,1.0,1.0,0.9,1.0,0.8,0.2622096538543701,2.288818359375e-05,0.2809176445007324,9.5367431640625e-07,0.5864536762237549,latency_loss,0.646,0.646,0.9842223167419434,2
1,1,1Gi,1.0,1.0,0.9,1.0,0.8,0.23614144325256348,1.0251998901367188e-05,0.29393649101257324,9.5367431640625e-07,0.5888125896453857,latency_loss,0.618,0.618,0.9717455625534058,3
1,1,1Gi,1.0,1.0,0.9,1.0,0.8,0.25623035430908203,1.4066696166992188e-05,0.3070862293243408,7.867813110351562e-06,0.6200680732727051,latency_loss,0.649,0.649,1.0286843538284303,4
1,1,1Gi,1.0,1.0,0.7,0.1,1.0,0.28384828567504883,7.152557373046875e-06,0.2561180591583252,4.5299530029296875e-06,0.5842947959899902,latency_loss,0.607,0.607,1.04743332862854,0
1,1,1Gi,1.0,1.0,0.7,0.1,1.0,0.22691965103149414,6.4373016357421875e-06,0.2851860523223877,2.6226043701171875e-06,0.5649616718292236,latency_loss,0.587,0.587,0.9915182590484619,1
1,1,1Gi,1.0,1.0,0.7,0.1,1.0,0.2227156162261963,8.344650268554688e-06,0.32137346267700195,4.291534423828125e-06,0.5847718715667725,latency_loss,0.608,0.608,1.0324576854705811,2
1,1,1Gi,1.0,1.0,0.7,0.1,1.0,0.2818269729614258,1.1205673217773438e-05,0.25873756408691406,3.0994415283203125e-06,0.5855765342712402,latency_loss,0.606,0.606,1.0485313177108764,3
1,1,1Gi,1.0,1.0,0.7,0.1,1.0,0.2533755302429199,5.0067901611328125e-06,0.25220608711242676,3.5762786865234375e-06,0.5468654632568359,latency_loss,0.619,0.619,0.9767906188964843,4
1,1,1Gi,1.0,1.0,0.7,1.0,0.6,0.2514770030975342,8.821487426757812e-06,0.3153870105743408,2.1457672119140625e-06,0.6245932579040527,latency_loss,0.702,0.702,0.847014832496643,0
1,1,1Gi,1.0,1.0,0.7,1.0,0.6,0.25698161125183105,7.152557373046875e-06,0.4847428798675537,7.152557373046875e-07,0.7959809303283691,latency_loss,0.833,0.833,1.0738980531692504,1
1,1,1Gi,1.0,1.0,0.7,1.0,0.6,0.2506532669067383,1.0013580322265625e-05,0.26102781295776367,9.5367431640625e-07,0.5578019618988037,latency_loss,0.589,0.589,0.7680648803710937,2
1,1,1Gi,1.0,1.0,0.7,1.0,0.6,0.27106523513793945,8.344650268554688e-06,0.31168079376220703,2.86102294921875e-06,0.6298637390136719,latency_loss,0.658,0.658,0.8671712398529052,3
1,1,1Gi,1.0,1.0,0.7,1.0,0.6,0.2585020065307617,8.344650268554688e-06,0.30774354934692383,1.6689300537109375e-06,0.617246150970459,latency_loss,0.643,0.643,0.844280195236206,4
1,1,1Gi,0.8,0.1,0.8,1.0,1.0,0.2645726203918457,2.193450927734375e-05,0.2804718017578125,2.6226043701171875e-06,0.5974504947662354,latency_loss,0.678,0.678,1.0334908485412597,0
1,1,1Gi,0.8,0.1,0.8,1.0,1.0,0.2276914119720459,1.9550323486328125e-05,0.27814149856567383,2.384185791015625e-06,0.5546588897705078,latency_loss,0.578,0.578,0.9593295574188232,1
1,1,1Gi,0.8,0.1,0.8,1.0,1.0,0.27934980392456055,1.33514404296875e-05,0.2875993251800537,9.5367431640625e-07,0.6167616844177246,latency_loss,0.639,0.639,1.0703232765197754,2
1,1,1Gi,0.8,0.1,0.8,1.0,1.0,0.27867579460144043,1.33514404296875e-05,0.28555893898010254,1.1920928955078125e-06,0.6202254295349121,latency_loss,0.649,0.649,1.071615743637085,3
1,1,1Gi,0.8,0.1,0.8,1.0,1.0,0.26584506034851074,1.4543533325195312e-05,0.29627013206481934,1.1920928955078125e-06,0.6162624359130859,latency_loss,0.682,0.682,1.065957236289978,4
1,1,1Gi,0.4,1.0,0.8,0.1,0.7,0.31825900077819824,7.62939453125e-06,0.2955513000488281,3.337860107421875e-06,0.6700546741485596,latency_loss,0.698,0.698,0.8327908754348754,0
1,1,1Gi,0.4,1.0,0.8,0.1,0.7,0.30177783966064453,8.344650268554688e-06,0.2984912395477295,4.5299530029296875e-06,0.6538841724395752,latency_loss,0.681,0.681,0.8172318458557128,1
1,1,1Gi,0.4,1.0,0.8,0.1,0.7,0.27216482162475586,1.5735626220703125e-05,0.3041503429412842,2.86102294921875e-06,0.6258955001831055,latency_loss,0.674,0.674,0.7903290748596191,2
1,1,1Gi,0.4,1.0,0.8,0.1,0.7,0.3129251003265381,7.62939453125e-06,0.28647494316101074,5.0067901611328125e-06,0.6546869277954102,latency_loss,0.682,0.682,0.8126389741897584,3
1,1,1Gi,0.4,1.0,0.8,0.1,0.7,0.2727689743041992,6.4373016357421875e-06,0.3020439147949219,3.814697265625e-06,0.6265158653259277,latency_loss,0.657,0.657,0.7893106460571289,4
1,1,1Gi,0.8,1.0,0.8,0.1,1.0,0.2683556079864502,9.5367431640625e-06,0.27641749382019043,2.86102294921875e-06,0.5953531265258789,latency_loss,0.66,0.66,1.0311814308166505,0
1,1,1Gi,0.8,1.0,0.8,0.1,1.0,0.24708223342895508,5.9604644775390625e-06,0.29132604598999023,4.291534423828125e-06,0.5922837257385254,latency_loss,0.662,0.662,1.0230167388916016,1
1,1,1Gi,0.8,1.0,0.8,0.1,1.0,0.2447035312652588,1.2636184692382812e-05,0.2971358299255371,6.198883056640625e-06,0.5965769290924072,latency_loss,0.616,0.616,1.0300616741180422,2
1,1,1Gi,0.8,1.0,0.8,0.1,1.0,0.2555725574493408,6.198883056640625e-06,0.2911391258239746,1.0251998901367188e-05,0.5947103500366211,latency_loss,0.634,0.634,1.0320869207382202,3
1,1,1Gi,0.8,1.0,0.8,0.1,1.0,0.27124977111816406,1.0013580322265625e-05,0.30556368827819824,3.5762786865234375e-06,0.6271402835845947,latency_loss,0.651,0.651,1.0886014223098757,4
1,1,1Gi,1.0,0.1,0.6,0.1,1.0,0.22220063209533691,1.52587890625e-05,0.30744171142578125,2.86102294921875e-06,0.5731465816497803,latency_loss,0.657,0.657,0.9798140525817871,0
1,1,1Gi,1.0,0.1,0.6,0.1,1.0,0.22018170356750488,1.5974044799804688e-05,0.2998948097229004,3.0994415283203125e-06,0.5674700736999512,latency_loss,0.619,0.619,0.9675905704498291,1
1,1,1Gi,1.0,0.1,0.6,0.1,1.0,0.2754383087158203,1.430511474609375e-05,0.29088354110717773,3.0994415283203125e-06,0.61492919921875,latency_loss,0.641,0.641,1.0648993730545044,2
1,1,1Gi,1.0,0.1,0.6,0.1,1.0,0.27004361152648926,2.9087066650390625e-05,0.30730342864990234,3.0994415283203125e-06,0.6265206336975098,latency_loss,0.663,0.663,1.0809495210647584,3
1,1,1Gi,1.0,0.1,0.6,0.1,1.0,0.22753691673278809,1.621246337890625e-05,0.27780985832214355,4.291534423828125e-06,0.5551340579986572,latency_loss,0.575,0.575,0.9493589401245117,4
1,1,1Gi,0.9,0.1,0.7,0.1,0.8,0.2998542785644531,1.71661376953125e-05,0.27870869636535645,1.0967254638671875e-05,2.171398401260376,latency_loss,2.203,2.203,2.2020864725112914,0
1,1,1Gi,0.9,0.1,0.7,0.1,0.8,0.29320526123046875,4.076957702636719e-05,0.28037452697753906,3.0994415283203125e-06,0.6189374923706055,latency_loss,0.649,0.649,0.9553012847900391,1
1,1,1Gi,0.9,0.1,0.7,0.1,0.8,0.250077486038208,1.71661376953125e-05,0.2672569751739502,2.86102294921875e-06,0.5677857398986816,latency_loss,0.644,0.644,0.8663802146911621,2
1,1,1Gi,0.9,0.1,0.7,0.1,0.8,0.23708701133728027,1.621246337890625e-05,0.30298352241516113,1.1920928955078125e-06,0.5882644653320312,latency_loss,0.628,0.628,0.8960800886154174,3
1,1,1Gi,0.9,0.1,0.7,0.1,0.8,0.224989652633667,2.0265579223632812e-05,0.28644585609436035,4.291534423828125e-06,0.5680153369903564,latency_loss,0.599,0.599,0.8574175119400025,4
1,1,1Gi,0.8,1.0,0.9,1.0,0.5,0.2882237434387207,1.3589859008789062e-05,0.31125974655151367,7.152557373046875e-07,0.6483654975891113,latency_loss,0.674,0.674,0.8349098205566406,0
1,1,1Gi,0.8,1.0,0.9,1.0,0.5,0.28851866722106934,9.298324584960938e-06,0.2853381633758545,2.6226043701171875e-06,0.632617712020874,latency_loss,0.657,0.657,0.8039400577545166,1
1,1,1Gi,0.8,1.0,0.9,1.0,0.5,0.2733488082885742,6.67572021484375e-06,0.24150681495666504,1.430511474609375e-06,0.571901798248291,latency_loss,0.632,0.632,0.7219941854476929,2
1,1,1Gi,0.8,1.0,0.9,1.0,0.5,0.2431631088256836,1.2636184692382812e-05,0.25332188606262207,1.1920928955078125e-06,0.5480024814605713,latency_loss,0.573,0.573,0.6965352535247803,3
1,1,1Gi,0.8,1.0,0.9,1.0,0.5,0.26006388664245605,6.4373016357421875e-06,0.2594935894012451,9.5367431640625e-07,0.5692415237426758,latency_loss,0.594,0.594,0.7262234926223755,4
1,1,1Gi,0.5,1.0,1.0,0.1,0.8,0.23858189582824707,8.58306884765625e-06,0.27764892578125,3.814697265625e-06,0.5680947303771973,latency_loss,0.591,0.591,0.8514246225357056,0
1,1,1Gi,0.5,1.0,1.0,0.1,0.8,0.2636902332305908,1.3828277587890625e-05,0.4253261089324951,4.0531158447265625e-06,0.7353663444519043,latency_loss,0.806,0.806,1.1454785346984864,1
1,1,1Gi,0.5,1.0,1.0,0.1,0.8,0.23465776443481445,6.4373016357421875e-06,0.28130078315734863,3.5762786865234375e-06,0.5685198307037354,latency_loss,0.597,0.597,0.8534523248672485,2
1,1,1Gi,0.5,1.0,1.0,0.1,0.8,0.265779972076416,9.5367431640625e-06,0.25280332565307617,3.814697265625e-06,0.5714952945709229,latency_loss,0.599,0.599,0.8428994655609131,3
1,1,1Gi,0.5,1.0,1.0,0.1,0.8,0.29908299446105957,1.4066696166992188e-05,0.31078219413757324,3.5762786865234375e-06,0.6614084243774414,latency_loss,0.729,0.729,0.9894648551940918,4
1,1,1Gi,1.0,1.0,0.9,0.1,0.4,0.27680492401123047,7.867813110351562e-06,0.26578426361083984,5.7220458984375e-06,0.6098196506500244,latency_loss,0.639,0.639,0.7599470615386963,0
1,1,1Gi,1.0,1.0,0.9,0.1,0.4,0.253467321395874,1.0251998901367188e-05,0.30269670486450195,2.86102294921875e-06,0.6387820243835449,latency_loss,0.669,0.669,0.7814177036285401,1
1,1,1Gi,1.0,1.0,0.9,0.1,0.4,0.25771021842956543,1.52587890625e-05,0.30387306213378906,3.0994415283203125e-06,0.6126697063446045,latency_loss,0.663,0.663,0.7762794256210328,2
1,1,1Gi,1.0,1.0,0.9,0.1,0.4,0.2770833969116211,7.3909759521484375e-06,0.3084571361541748,4.76837158203125e-06,0.6429266929626465,latency_loss,0.673,0.673,0.8118733644485474,3
1,1,1Gi,1.0,1.0,0.9,0.1,0.4,0.2731924057006836,7.867813110351562e-06,0.28265810012817383,4.76837158203125e-06,0.6164934635162354,latency_loss,0.647,0.647,0.7741904258728027,4
1,1,1Gi,1.0,0.1,1.0,1.0,0.1,0.24292612075805664,1.5735626220703125e-05,0.2916228771209717,1.6689300537109375e-06,0.5962390899658203,latency_loss,0.624,0.624,0.5941761493682861,0
1,1,1Gi,1.0,0.1,1.0,1.0,0.1,0.24925875663757324,2.1457672119140625e-05,0.32617878913879395,7.152557373046875e-07,0.6408650875091553,latency_loss,0.666,0.666,0.6395269155502319,1
1,1,1Gi,1.0,0.1,1.0,1.0,0.1,0.2786591053009033,1.7642974853515625e-05,0.2799055576324463,1.1920928955078125e-06,0.6558945178985596,latency_loss,0.738,0.738,0.6241570711135864,2
1,1,1Gi,1.0,0.1,1.0,1.0,0.1,0.24786996841430664,5.340576171875e-05,0.30511975288391113,9.5367431640625e-07,0.6530752182006836,latency_loss,0.679,0.679,0.6183035373687744,3
1,1,1Gi,1.0,0.1,1.0,1.0,0.1,0.31123852729797363,1.4781951904296875e-05,0.3197622299194336,9.5367431640625e-07,0.6845331192016602,latency_loss,0.739,0.739,0.6994565010070801,4
1,1,1Gi,0.6,1.0,0.8,1.0,0.8,0.25919270515441895,5.245208740234375e-06,0.2601766586303711,1.1920928955078125e-06,0.5664312839508057,latency_loss,0.589,0.589,0.8168084144592285,0
1,1,1Gi,0.6,1.0,0.8,1.0,0.8,0.2996330261230469,6.9141387939453125e-06,0.25911808013916016,2.1457672119140625e-06,0.6084649562835693,latency_loss,0.638,0.638,0.8738553047180175,1
1,1,1Gi,0.6,1.0,0.8,1.0,0.8,0.258105993270874,6.198883056640625e-06,0.310183048248291,9.5367431640625e-07,0.621283769607544,latency_loss,0.709,0.709,0.9000442028045654,2
1,1,1Gi,0.6,1.0,0.8,1.0,0.8,0.23558783531188965,1.0013580322265625e-05,0.31863856315612793,9.5367431640625e-07,0.6094932556152344,latency_loss,0.64,0.64,0.8838691234588623,3
1,1,1Gi,0.6,1.0,0.8,1.0,0.8,0.25080275535583496,6.9141387939453125e-06,0.2912311553955078,1.6689300537109375e-06,0.5913982391357422,latency_loss,0.665,0.665,0.8565937519073487,4
1,1,1Gi,0.8,1.0,1.0,1.0,1.0,0.24853277206420898,6.9141387939453125e-06,0.2759420871734619,7.152557373046875e-07,0.5764262676239014,latency_loss,0.595,0.595,1.0512022018432616,0
1,1,1Gi,0.8,1.0,1.0,1.0,1.0,0.2647101879119873,6.9141387939453125e-06,0.24103021621704102,7.152557373046875e-07,0.5545220375061035,latency_loss,0.579,0.579,1.0073280334472656,1
1,1,1Gi,0.8,1.0,1.0,1.0,1.0,0.27542996406555176,1.430511474609375e-05,0.2701752185821533,1.430511474609375e-06,0.5958588123321533,latency_loss,0.658,0.658,1.0863937377929687,2
1,1,1Gi,0.8,1.0,1.0,1.0,1.0,0.24829530715942383,6.198883056640625e-06,0.30194640159606934,1.0251998901367188e-05,0.5990207195281982,latency_loss,0.632,0.632,1.0996198177337646,3
1,1,1Gi,0.8,1.0,1.0,1.0,1.0,0.23422980308532715,1.1444091796875e-05,0.28482866287231445,9.5367431640625e-07,0.5754504203796387,latency_loss,0.644,0.644,1.047675323486328,4
1,1,1Gi,0.8,0.1,0.7,1.0,0.5,0.2937602996826172,2.3365020751953125e-05,0.30861711502075195,2.1457672119140625e-06,2.482020854949951,latency_loss,2.512,2.512,1.6920551300048827,0
1,1,1Gi,0.8,0.1,0.7,1.0,0.5,0.2925381660461426,4.2438507080078125e-05,0.2763023376464844,1.1920928955078125e-06,0.6213650703430176,latency_loss,0.648,0.648,0.7381301403045655,1
1,1,1Gi,0.8,0.1,0.7,1.0,0.5,0.28243327140808105,6.246566772460938e-05,0.2995634078979492,2.384185791015625e-06,0.6365468502044678,latency_loss,0.667,0.667,0.7539230585098267,2
1,1,1Gi,0.8,0.1,0.7,1.0,0.5,0.2297680377960205,2.765655517578125e-05,0.27211737632751465,1.1920928955078125e-06,0.5499651432037354,latency_loss,0.582,0.582,0.6492831230163574,3
1,1,1Gi,0.8,0.1,0.7,1.0,0.5,0.2456972599029541,2.1219253540039062e-05,0.3306856155395508,9.5367431640625e-07,0.623647928237915,latency_loss,0.649,0.649,0.7398647785186767,4
1,1,1Gi,1.0,0.1,0.8,1.0,0.6,0.24087238311767578,2.384185791015625e-05,0.29665470123291016,2.86102294921875e-06,0.5839025974273682,latency_loss,0.612,0.612,0.828542947769165,0
1,1,1Gi,1.0,0.1,0.8,1.0,0.6,0.2544369697570801,2.0742416381835938e-05,0.2478032112121582,2.6226043701171875e-06,0.5514750480651855,latency_loss,0.58,0.58,0.7835692644119263,1
1,1,1Gi,1.0,0.1,0.8,1.0,0.6,0.25705957412719727,3.075599670410156e-05,0.2563009262084961,2.86102294921875e-06,0.5698273181915283,latency_loss,0.643,0.643,0.8040026426315308,2
1,1,1Gi,1.0,0.1,0.8,1.0,0.6,0.2666144371032715,1.5974044799804688e-05,0.300661563873291,9.5367431640625e-07,0.6106166839599609,latency_loss,0.641,0.641,0.8735162496566773,3
1,1,1Gi,1.0,0.1,0.8,1.0,0.6,0.2221825122833252,2.1457672119140625e-05,0.29785799980163574,1.6689300537109375e-06,0.570239782333374,latency_loss,0.645,0.645,0.8026165962219238,4
1,1,1Gi,0.7,0.1,1.0,0.1,0.7,0.23615407943725586,4.9114227294921875e-05,0.2760765552520752,4.291534423828125e-06,2.23504900932312,latency_loss,2.259,2.259,2.0059240579605104,0
1,1,1Gi,0.7,0.1,1.0,0.1,0.7,0.2756807804107666,2.0265579223632812e-05,0.27841901779174805,2.384185791015625e-06,0.609220027923584,latency_loss,0.679,0.679,0.8978518486022948,1
1,1,1Gi,0.7,0.1,1.0,0.1,0.7,0.27832555770874023,1.9073486328125e-05,0.27408719062805176,3.5762786865234375e-06,0.604846715927124,latency_loss,0.628,0.628,0.8923100471496581,2
1,1,1Gi,0.7,0.1,1.0,0.1,0.7,0.24501895904541016,1.811981201171875e-05,0.244797945022583,2.1457672119140625e-06,0.5443387031555176,latency_loss,0.569,0.569,0.7973503351211547,3
1,1,1Gi,0.7,0.1,1.0,0.1,0.7,0.2590181827545166,4.2438507080078125e-05,0.27301597595214844,7.3909759521484375e-06,0.5819389820098877,latency_loss,0.611,0.611,0.8616909742355346,4
1,1,1Gi,1.0,0.1,0.5,1.0,0.8,0.2996792793273926,1.7642974853515625e-05,0.3392360210418701,2.1457672119140625e-06,0.6897592544555664,latency_loss,0.76,0.76,1.0211086034774781,0
1,1,1Gi,1.0,0.1,0.5,1.0,0.8,0.2606692314147949,1.7881393432617188e-05,0.30663609504699707,2.384185791015625e-06,0.6139154434204102,latency_loss,0.638,0.638,0.905123805999756,1
1,1,1Gi,1.0,0.1,0.5,1.0,0.8,0.2511162757873535,1.7404556274414062e-05,0.2923767566680908,2.1457672119140625e-06,0.5954306125640869,latency_loss,0.676,0.676,0.8736530303955079,2
1,1,1Gi,1.0,0.1,0.5,1.0,0.8,0.22442078590393066,1.9788742065429688e-05,0.28018808364868164,1.6689300537109375e-06,0.559429407119751,latency_loss,0.589,0.589,0.8120620012283326,3
1,1,1Gi,1.0,0.1,0.5,1.0,0.8,0.2518153190612793,1.8835067749023438e-05,0.320037841796875,2.1457672119140625e-06,0.6187188625335693,latency_loss,0.702,0.702,0.9068133592605591,4
1,1,1Gi,1.0,0.4,0.7,1.0,0.9,0.2528712749481201,2.7418136596679688e-05,0.3185124397277832,4.291534423828125e-06,0.6192677021026611,latency_loss,0.65,0.65,1.033186173439026,0
1,1,1Gi,1.0,0.4,0.7,1.0,0.9,0.22534394264221191,1.8596649169921875e-05,0.28026771545410156,1.9073486328125e-06,0.5583152770996094,latency_loss,0.59,0.59,0.9240244388580322,1
1,1,1Gi,1.0,0.4,0.7,1.0,0.9,0.266620397567749,1.430511474609375e-05,0.2676825523376465,1.6689300537109375e-06,0.5852820873260498,latency_loss,0.609,0.609,0.9807594537734985,2
1,1,1Gi,1.0,0.4,0.7,1.0,0.9,0.26451539993286133,1.71661376953125e-05,0.25693726539611816,1.430511474609375e-06,0.5761291980743408,latency_loss,0.603,0.603,0.9628960609436035,3
1,1,1Gi,1.0,0.4,0.7,1.0,0.9,0.22325944900512695,2.7894973754882812e-05,0.3053562641143799,1.1920928955078125e-06,0.5761473178863525,latency_loss,0.598,0.598,0.9555537700653076,4
1,1,1Gi,0.8,0.1,0.6,1.0,0.8,0.27576637268066406,3.1948089599609375e-05,0.276324987411499,9.5367431640625e-07,2.1494133472442627,latency_loss,2.178,2.178,2.1059429168701174,0
1,1,1Gi,0.8,0.1,0.6,1.0,0.8,0.25153183937072754,1.8596649169921875e-05,0.33745527267456055,1.9073486328125e-06,0.638636589050293,latency_loss,0.717,0.717,0.9146116733551026,1
1,1,1Gi,0.8,0.1,0.6,1.0,0.8,0.23854470252990723,1.71661376953125e-05,0.2978403568267822,1.430511474609375e-06,0.5888330936431885,latency_loss,0.618,0.618,0.8406095981597901,2
1,1,1Gi,0.8,0.1,0.6,1.0,0.8,0.2511932849884033,3.218650817871094e-05,0.2993900775909424,3.337860107421875e-06,0.6000339984893799,latency_loss,0.639,0.639,0.8606224298477173,3
1,1,1Gi,0.8,0.1,0.6,1.0,0.8,0.2706012725830078,1.8358230590820312e-05,0.3366403579711914,1.6689300537109375e-06,0.6592297554016113,latency_loss,0.688,0.688,0.945852541923523,4
1,1,1Gi,0.1,0.1,1.0,0.1,0.7,0.46779465675354004,1.5497207641601562e-05,0.24800467491149902,4.291534423828125e-06,2.4039416313171387,latency_loss,2.431,2.431,1.9775452613830566,0
1,1,1Gi,0.1,0.1,1.0,0.1,0.7,0.34319615364074707,1.7642974853515625e-05,0.2943916320800781,4.0531158447265625e-06,0.6825206279754639,latency_loss,0.709,0.709,0.8064778566360473,1
1,1,1Gi,0.1,0.1,1.0,0.1,0.7,0.34009289741516113,2.3365020751953125e-05,0.278545618057251,3.0994415283203125e-06,0.6965868473052979,latency_loss,0.728,0.728,0.8001683473587036,2
1,1,1Gi,0.1,0.1,1.0,0.1,0.7,0.4233875274658203,3.0279159545898438e-05,0.2934401035308838,3.814697265625e-06,0.7609167098999023,latency_loss,0.791,0.791,0.8684239625930785,3
1,1,1Gi,0.1,0.1,1.0,0.1,0.7,0.36946868896484375,1.7404556274414062e-05,0.24739718437194824,4.291534423828125e-06,0.6960039138793945,latency_loss,0.725,0.725,0.7715489625930786,4
1,1,1Gi,0.3,1.0,1.0,0.1,1.0,0.3497192859649658,5.9604644775390625e-06,0.2584390640258789,3.337860107421875e-06,1.961902379989624,latency_loss,1.985,1.985,2.325263524055481,0
1,1,1Gi,0.3,1.0,1.0,0.1,1.0,0.259310245513916,9.5367431640625e-06,0.29112982749938965,2.384185791015625e-06,0.59610915184021,latency_loss,0.649,0.649,0.9650418281555175,1
1,1,1Gi,0.3,1.0,1.0,0.1,1.0,0.26845383644104004,5.9604644775390625e-06,0.28595995903015137,3.0994415283203125e-06,0.61159348487854,latency_loss,0.635,0.635,0.9780958652496339,2
1,1,1Gi,0.3,1.0,1.0,0.1,1.0,0.29833054542541504,5.7220458984375e-06,0.28409838676452637,5.0067901611328125e-06,0.6377606391906738,latency_loss,0.659,0.659,1.0113644123077392,3
1,1,1Gi,0.3,1.0,1.0,0.1,1.0,0.2677326202392578,9.059906005859375e-06,0.2944924831390381,9.5367431640625e-06,0.6165525913238525,latency_loss,0.635,0.635,0.9913748741149903,4
1,1,1Gi,1.0,0.1,0.7,0.1,0.1,0.2662675380706787,1.7404556274414062e-05,0.32004785537719727,4.291534423828125e-06,0.6840646266937256,latency_loss,0.753,0.753,0.5587096691131592,0
1,1,1Gi,1.0,0.1,0.7,0.1,0.1,0.2597835063934326,1.8358230590820312e-05,0.42488718032836914,4.5299530029296875e-06,0.7457015514373779,latency_loss,0.771,0.771,0.6317769765853881,1
1,1,1Gi,1.0,0.1,0.7,0.1,0.1,0.2468409538269043,3.1948089599609375e-05,0.3957219123840332,3.0994415283203125e-06,0.732447624206543,latency_loss,0.757,0.757,0.5970945596694945,2
1,1,1Gi,1.0,0.1,0.7,0.1,0.1,0.2604351043701172,1.6450881958007812e-05,0.3649754524230957,3.337860107421875e-06,0.6927914619445801,latency_loss,0.759,0.759,0.5851990461349487,3
1,1,1Gi,1.0,0.1,0.7,0.1,0.1,0.26152920722961426,2.09808349609375e-05,0.3862879276275635,2.384185791015625e-06,0.7044858932495117,latency_loss,0.777,0.777,0.6023816823959349,4
1,1,1Gi,0.8,1.0,0.8,0.1,0.7,0.2668912410736084,5.4836273193359375e-06,0.2783048152923584,3.0994415283203125e-06,0.599679708480835,latency_loss,0.634,0.634,0.8559384346008301,0
1,1,1Gi,0.8,1.0,0.8,0.1,0.7,0.2506561279296875,1.5735626220703125e-05,0.2521998882293701,5.7220458984375e-06,0.5459208488464355,latency_loss,0.598,0.598,0.7844457149505615,1
1,1,1Gi,0.8,1.0,0.8,0.1,0.7,0.25079989433288574,1.8835067749023438e-05,0.29686665534973145,3.337860107421875e-06,0.5990386009216309,latency_loss,0.625,0.625,0.8574794292449951,2
1,1,1Gi,0.8,1.0,0.8,0.1,0.7,0.22019386291503906,1.2159347534179688e-05,0.2587103843688965,4.291534423828125e-06,0.5287141799926758,latency_loss,0.558,0.558,0.753235912322998,3
1,1,1Gi,0.8,1.0,0.8,0.1,0.7,0.26134300231933594,1.3589859008789062e-05,0.28781771659851074,5.245208740234375e-06,0.6011981964111328,latency_loss,0.631,0.631,0.8601814270019531,4
1,1,1Gi,0.5,1.0,0.5,0.1,1.0,0.2664353847503662,1.0251998901367188e-05,0.3309812545776367,2.86102294921875e-06,0.6522893905639648,latency_loss,0.681,0.681,0.9510082483291626,0
1,1,1Gi,0.5,1.0,0.5,0.1,1.0,0.2360830307006836,7.3909759521484375e-06,0.3164660930633545,2.86102294921875e-06,0.6067428588867188,latency_loss,0.629,0.629,0.8830250978469849,1
1,1,1Gi,0.5,1.0,0.5,0.1,1.0,0.278531551361084,1.2874603271484375e-05,0.3101613521575928,4.291534423828125e-06,0.6429009437561035,latency_loss,0.671,0.671,0.9372606992721557,2
1,1,1Gi,0.5,1.0,0.5,0.1,1.0,0.2445065975189209,9.775161743164062e-06,0.2922215461730957,3.337860107421875e-06,0.5895364284515381,latency_loss,0.618,0.618,0.8579106092453003,3
1,1,1Gi,0.5,1.0,0.5,0.1,1.0,0.28874802589416504,6.198883056640625e-06,0.3156595230102539,3.0994415283203125e-06,0.6674509048461914,latency_loss,0.7,0.7,0.9696611881256103,4
1,1,1Gi,1.0,0.1,1.0,0.1,0.8,0.26070618629455566,2.2172927856445312e-05,0.2847278118133545,7.62939453125e-06,2.1679296493530273,latency_loss,2.197,2.197,2.279780697822571,0
1,1,1Gi,1.0,0.1,1.0,0.1,0.8,0.23496150970458984,2.9087066650390625e-05,0.29384636878967285,3.0994415283203125e-06,0.5784423351287842,latency_loss,0.662,0.662,0.991564965248108,1
1,1,1Gi,1.0,0.1,1.0,0.1,0.8,0.2578701972961426,2.6702880859375e-05,0.24293971061706543,3.814697265625e-06,0.544884204864502,latency_loss,0.57,0.57,0.9367203235626221,2
1,1,1Gi,1.0,0.1,1.0,0.1,0.8,0.23937439918518066,2.4080276489257812e-05,0.29245591163635254,3.5762786865234375e-06,0.5780799388885498,latency_loss,0.609,0.609,0.9942970275878906,3
1,1,1Gi,1.0,0.1,1.0,0.1,0.8,0.28024959564208984,2.2411346435546875e-05,0.28932738304138184,3.814697265625e-06,0.6160287857055664,latency_loss,0.643,0.643,1.0624026298522948,4
1,1,1Gi,0.7,0.5,1.0,1.0,0.7,0.23880934715270996,1.71661376953125e-05,0.2881467342376709,1.430511474609375e-06,0.5785157680511475,latency_loss,0.609,0.609,0.8602843284606934,0
1,1,1Gi,0.7,0.5,1.0,1.0,0.7,0.24916672706604004,1.52587890625e-05,0.29434776306152344,1.1920928955078125e-06,0.5994589328765869,latency_loss,0.626,0.626,0.888394546508789,1
1,1,1Gi,0.7,0.5,1.0,1.0,0.7,0.2509171962738037,4.458427429199219e-05,0.29869556427001953,1.1920928955078125e-06,0.6005845069885254,latency_loss,0.627,0.627,0.8947702407836914,2
1,1,1Gi,0.7,0.5,1.0,1.0,0.7,0.2583162784576416,4.7206878662109375e-05,0.279080867767334,2.86102294921875e-06,0.5831484794616699,latency_loss,0.617,0.617,0.8681326627731323,3
1,1,1Gi,0.7,0.5,1.0,1.0,0.7,0.23443818092346191,1.9550323486328125e-05,0.24312806129455566,1.430511474609375e-06,0.5283839702606201,latency_loss,0.558,0.558,0.7771147727966308,4
1,1,1Gi,0.5,0.5,1.0,0.1,0.8,0.33245325088500977,1.5735626220703125e-05,0.2909815311431885,3.814697265625e-06,2.20432186126709,latency_loss,2.233,2.233,2.2206738948822022,0
1,1,1Gi,0.5,0.5,1.0,0.1,0.8,0.2579469680786133,2.2172927856445312e-05,0.2974510192871094,5.245208740234375e-06,0.6086828708648682,latency_loss,0.639,0.639,0.9133824110031128,1
1,1,1Gi,0.5,0.5,1.0,0.1,0.8,0.2550835609436035,1.52587890625e-05,0.28948020935058594,5.245208740234375e-06,0.5973784923553467,latency_loss,0.681,0.681,0.8949329376220703,2
1,1,1Gi,0.5,0.5,1.0,0.1,0.8,0.2873117923736572,1.9788742065429688e-05,0.24668240547180176,6.4373016357421875e-06,0.589580774307251,latency_loss,0.621,0.621,0.8620134592056274,3
1,1,1Gi,0.5,0.5,1.0,0.1,0.8,0.3131673336029053,2.6226043701171875e-05,0.24808120727539062,3.0994415283203125e-06,0.6114358901977539,latency_loss,0.687,0.687,0.8938270092010498,4
1,1,1Gi,0.4,0.1,0.7,0.1,0.5,0.38342928886413574,1.9550323486328125e-05,0.39090561866760254,2.86102294921875e-06,2.4945006370544434,latency_loss,2.525,2.525,1.6742582082748414,0
1,1,1Gi,0.4,0.1,0.7,0.1,0.5,0.3050689697265625,1.6927719116210938e-05,0.34336400032043457,5.4836273193359375e-06,0.7002005577087402,latency_loss,0.731,0.731,0.7124849081039428,1
1,1,1Gi,0.4,0.1,0.7,0.1,0.5,0.2799668312072754,1.621246337890625e-05,0.2955489158630371,4.0531158447265625e-06,0.660602331161499,latency_loss,0.689,0.689,0.649174165725708,2
1,1,1Gi,0.4,0.1,0.7,0.1,0.5,0.3207376003265381,1.9073486328125e-05,0.47934937477111816,2.86102294921875e-06,0.850792407989502,latency_loss,0.877,0.877,0.8892379999160767,3
1,1,1Gi,0.4,0.1,0.7,0.1,0.5,0.2879960536956787,2.3365020751953125e-05,0.31835436820983887,3.5762786865234375e-06,0.6874392032623291,latency_loss,0.717,0.717,0.6817687749862671,4
1,1,1Gi,1.0,1.0,0.1,1.0,0.5,0.2893555164337158,7.3909759521484375e-06,0.6654872894287109,9.5367431640625e-07,1.044438362121582,latency_loss,1.075,1.075,0.8781317710876465,0
1,1,1Gi,1.0,1.0,0.1,1.0,0.5,0.29079198837280273,5.7220458984375e-06,0.7009232044219971,1.9073486328125e-06,1.0385279655456543,latency_loss,1.071,1.071,0.8801559209823608,1
1,1,1Gi,1.0,1.0,0.1,1.0,0.5,0.22883248329162598,1.0967254638671875e-05,0.5724058151245117,9.5367431640625e-07,0.8541817665100098,latency_loss,0.882,0.882,0.7131758689880371,2
1,1,1Gi,1.0,1.0,0.1,1.0,0.5,0.26019859313964844,8.344650268554688e-06,0.5556473731994629,9.5367431640625e-07,0.866734504699707,latency_loss,0.893,0.893,0.7491398811340332,3
1,1,1Gi,1.0,1.0,0.1,1.0,0.5,0.2784230709075928,1.0967254638671875e-05,0.6287918090820312,1.1920928955078125e-06,0.9965643882751465,latency_loss,1.029,1.029,0.8395966053009033,4
1,1,1Gi,1.0,0.1,0.8,1.0,0.9,0.2431321144104004,2.0265579223632812e-05,0.26960229873657227,1.1920928955078125e-06,2.003361940383911,latency_loss,2.032,2.032,2.2618429183959963,0
1,1,1Gi,1.0,0.1,0.8,1.0,0.9,0.24335193634033203,4.506111145019531e-05,0.25601649284362793,7.152557373046875e-07,0.5474221706390381,latency_loss,0.621,0.621,0.940850305557251,1
1,1,1Gi,1.0,0.1,0.8,1.0,0.9,0.22352266311645508,1.7881393432617188e-05,0.25869011878967285,1.430511474609375e-06,0.5363049507141113,latency_loss,0.576,0.576,0.9131524324417115,2
1,1,1Gi,1.0,0.1,0.8,1.0,0.9,0.22811341285705566,2.1219253540039062e-05,0.3357415199279785,1.1920928955078125e-06,0.6148576736450195,latency_loss,0.641,0.641,1.0500818490982056,3
1,1,1Gi,1.0,0.1,0.8,1.0,0.9,0.24328112602233887,1.4066696166992188e-05,0.2728133201599121,2.384185791015625e-06,0.5649139881134033,latency_loss,0.617,0.617,0.9699581623077392,4
1,1,1Gi,1.0,0.1,0.6,0.1,0.6,0.26558351516723633,1.9073486328125e-05,0.2964761257171631,2.6226043701171875e-06,0.6184186935424805,latency_loss,0.648,0.648,0.8145225763320922,0
1,1,1Gi,1.0,0.1,0.6,0.1,0.6,0.2939927577972412,1.6450881958007812e-05,0.2865009307861328,6.4373016357421875e-06,0.6287798881530762,latency_loss,0.687,0.687,0.8431635379791259,1
1,1,1Gi,1.0,0.1,0.6,0.1,0.6,0.22970938682556152,1.8835067749023438e-05,0.2967696189880371,3.337860107421875e-06,0.5965759754180908,latency_loss,0.626,0.626,0.7657189607620238,2
1,1,1Gi,1.0,0.1,0.6,0.1,0.6,0.2526822090148926,1.621246337890625e-05,0.2878382205963135,3.337860107421875e-06,0.6036577224731445,latency_loss,0.653,0.653,0.787581729888916,3
1,1,1Gi,1.0,0.1,0.6,0.1,0.6,0.22665643692016602,1.5020370483398438e-05,0.30211806297302246,3.814697265625e-06,0.5856356620788574,latency_loss,0.614,0.614,0.7593105554580688,4
1,1,1Gi,0.9,0.1,1.0,1.0,0.7,0.2608780860900879,2.0742416381835938e-05,0.28986597061157227,9.5367431640625e-07,0.6006760597229004,latency_loss,0.629,0.629,0.9451325178146361,0
1,1,1Gi,0.9,0.1,1.0,1.0,0.7,0.3002924919128418,1.33514404296875e-05,0.24453496932983398,4.291534423828125e-06,0.5992026329040527,latency_loss,0.627,0.627,0.9342456817626952,1
1,1,1Gi,0.9,0.1,1.0,1.0,0.7,0.2654988765716553,4.029273986816406e-05,0.2693145275115967,9.5367431640625e-07,0.5872948169708252,latency_loss,0.612,0.612,0.9193748712539673,2
1,1,1Gi,0.9,0.1,1.0,1.0,0.7,0.2721068859100342,1.5974044799804688e-05,0.304401159286499,2.384185791015625e-06,0.628847599029541,latency_loss,0.703,0.703,0.9894946575164794,3
1,1,1Gi,0.9,0.1,1.0,1.0,0.7,0.22290635108947754,1.5735626220703125e-05,0.2537682056427002,2.6226043701171875e-06,0.5213184356689453,latency_loss,0.546,0.546,0.8193110227584839,4
1,1,1Gi,0.1,1.0,0.7,0.2,0.2,0.6935093402862549,8.58306884765625e-06,0.3490025997161865,4.0531158447265625e-06,3.3948094844818115,latency_loss,3.422,3.422,0.992624044418335,0
1,1,1Gi,0.1,1.0,0.7,0.2,0.2,0.48678135871887207,1.811981201171875e-05,0.3128392696380615,2.384185791015625e-06,0.9118435382843018,latency_loss,0.987,0.987,0.45005292892456056,1
1,1,1Gi,0.1,1.0,0.7,0.2,0.2,0.4085044860839844,8.58306884765625e-06,0.38683390617370605,2.86102294921875e-06,0.9042422771453857,latency_loss,0.931,0.931,0.4924917936325073,2
1,1,1Gi,0.1,1.0,0.7,0.2,0.2,0.4489893913269043,7.867813110351562e-06,0.31262731552124023,4.0531158447265625e-06,0.8708527088165283,latency_loss,0.898,0.898,0.4379172801971435,3
1,1,1Gi,0.1,1.0,0.7,0.2,0.2,0.37610626220703125,3.4809112548828125e-05,0.33760595321655273,5.0067901611328125e-06,0.8632442951202393,latency_loss,0.944,0.944,0.4466194629669189,4
1,1,1Gi,0.8,1.0,1.0,1.0,0.1,0.37954044342041016,5.9604644775390625e-06,0.29325199127197266,9.5367431640625e-07,2.800926446914673,latency_loss,2.87,2.87,0.8769839048385621,0
1,1,1Gi,0.8,1.0,1.0,1.0,0.1,0.2714545726776123,1.1920928955078125e-05,0.33287525177001953,1.6689300537109375e-06,0.6963989734649658,latency_loss,0.736,0.736,0.6196923971176147,1
1,1,1Gi,0.8,1.0,1.0,1.0,0.1,0.30364155769348145,1.1205673217773438e-05,0.3002448081970215,9.5367431640625e-07,0.6756062507629395,latency_loss,0.706,0.706,0.6107308387756347,2
1,1,1Gi,0.8,1.0,1.0,1.0,0.1,0.3101828098297119,6.67572021484375e-06,0.30331850051879883,1.1920928955078125e-06,0.6717214584350586,latency_loss,0.766,0.766,0.6186447620391845,3
1,1,1Gi,0.8,1.0,1.0,1.0,0.1,0.2711217403411865,6.198883056640625e-06,0.3370950222015381,7.152557373046875e-07,0.6980652809143066,latency_loss,0.729,0.729,0.6238058567047119,4
1,1,1Gi,0.7,1.0,1.0,0.1,0.6,0.26453089714050293,7.3909759521484375e-06,0.27367377281188965,4.76837158203125e-06,2.179677724838257,latency_loss,2.208,2.208,1.766659903526306,0
1,1,1Gi,0.7,1.0,1.0,0.1,0.6,0.23894715309143066,7.3909759521484375e-06,0.24546289443969727,3.814697265625e-06,0.5331015586853027,latency_loss,0.56,0.56,0.7325946092605591,1
1,1,1Gi,0.7,1.0,1.0,0.1,0.6,0.2722904682159424,7.62939453125e-06,0.2484145164489746,3.0994415283203125e-06,0.5734481811523438,latency_loss,0.599,0.599,0.7830946922302245,2
1,1,1Gi,0.7,1.0,1.0,0.1,0.6,0.22739815711975098,1.4066696166992188e-05,0.2716701030731201,4.0531158447265625e-06,0.5457119941711426,latency_loss,0.593,0.593,0.7582904815673828,3
1,1,1Gi,0.7,1.0,1.0,0.1,0.6,0.22994756698608398,2.3126602172851562e-05,0.289186954498291,6.198883056640625e-06,0.5683984756469727,latency_loss,0.597,0.597,0.791213083267212,4
1,1,1Gi,1.0,1.0,0.6,0.1,0.9,0.2546505928039551,9.775161743164062e-06,0.31679463386535645,2.6226043701171875e-06,0.6296064853668213,latency_loss,0.703,0.703,1.0113832473754882,0
1,1,1Gi,1.0,1.0,0.6,0.1,0.9,0.24758100509643555,1.9073486328125e-05,0.2987539768218994,3.814697265625e-06,0.5988690853118896,latency_loss,0.678,0.678,0.9658350229263306,1
1,1,1Gi,1.0,1.0,0.6,0.1,0.9,0.2589890956878662,5.9604644775390625e-06,0.3176002502441406,3.0994415283203125e-06,0.6283102035522461,latency_loss,0.71,0.71,1.0150346994400024,2
1,1,1Gi,1.0,1.0,0.6,0.1,0.9,0.2217116355895996,1.1205673217773438e-05,0.26352739334106445,2.6226043701171875e-06,0.5355768203735352,latency_loss,0.56,0.56,0.8618586778640747,3
1,1,1Gi,1.0,1.0,0.6,0.1,0.9,0.25234127044677734,2.193450927734375e-05,0.33028340339660645,3.5762786865234375e-06,0.6287894248962402,latency_loss,0.653,0.653,1.0164440870285034,4
1,1,1Gi,0.8,0.7,0.7,1.0,0.7,0.22477078437805176,1.9788742065429688e-05,0.3278541564941406,1.1920928955078125e-06,0.6087324619293213,latency_loss,0.638,0.638,0.835442304611206,0
1,1,1Gi,0.8,0.7,0.7,1.0,0.7,0.2165513038635254,2.0742416381835938e-05,0.27673768997192383,1.1920928955078125e-06,0.5482523441314697,latency_loss,0.578,0.578,0.7507497787475585,1
1,1,1Gi,0.8,0.7,0.7,1.0,0.7,0.2289743423461914,2.193450927734375e-05,0.2900574207305908,1.1920928955078125e-06,0.5677824020385742,latency_loss,0.651,0.651,0.7836838960647583,2
1,1,1Gi,0.8,0.7,0.7,1.0,0.7,0.28734374046325684,1.5497207641601562e-05,0.28798723220825195,9.5367431640625e-07,0.6265051364898682,latency_loss,0.702,0.702,0.8700314521789551,3
1,1,1Gi,0.8,0.7,0.7,1.0,0.7,0.23038578033447266,2.2649765014648438e-05,0.31579065322875977,1.1920928955078125e-06,0.5985667705535889,latency_loss,0.627,0.627,0.8243758678436279,4
1,1,1Gi,0.7,1.0,1.0,1.0,0.7,0.2612423896789551,1.430511474609375e-05,0.2519063949584961,2.384185791015625e-06,2.059034824371338,latency_loss,2.147,2.147,1.8761171340942382,0
1,1,1Gi,0.7,1.0,1.0,1.0,0.7,0.25579309463500977,8.821487426757812e-06,0.2788231372833252,1.1920928955078125e-06,0.5894067287445068,latency_loss,0.663,0.663,0.8704730272293091,1
1,1,1Gi,0.7,1.0,1.0,1.0,0.7,0.27269530296325684,6.9141387939453125e-06,0.2684636116027832,9.5367431640625e-07,0.5886166095733643,latency_loss,0.616,0.616,0.8713898181915283,2
1,1,1Gi,0.7,1.0,1.0,1.0,0.7,0.2653317451477051,1.8358230590820312e-05,0.2469782829284668,1.430511474609375e-06,0.5686416625976562,latency_loss,0.599,0.599,0.8307794570922851,3
1,1,1Gi,0.7,1.0,1.0,1.0,0.7,0.2361736297607422,1.0013580322265625e-05,0.28606534004211426,2.1457672119140625e-06,0.5703027248382568,latency_loss,0.624,0.624,0.8506109476089476,4
1,1,1Gi,1.0,0.1,0.3,1.0,1.0,0.3041691780090332,2.0742416381835938e-05,0.339885950088501,2.1457672119140625e-06,2.021690845489502,latency_loss,2.041,2.041,2.4278300285339354,0
1,1,1Gi,1.0,0.1,0.3,1.0,1.0,0.2617151737213135,4.100799560546875e-05,0.3790006637573242,7.152557373046875e-07,0.6884288787841797,latency_loss,0.718,0.718,1.0638490676879884,1
1,1,1Gi,1.0,0.1,0.3,1.0,1.0,0.22494053840637207,2.1696090698242188e-05,0.3926358222961426,9.5367431640625e-07,0.6704809665679932,latency_loss,0.741,0.741,1.0132153749465942,2
1,1,1Gi,1.0,0.1,0.3,1.0,1.0,0.27785444259643555,2.5272369384765625e-05,0.4713125228881836,1.9073486328125e-06,0.802436113357544,latency_loss,0.833,0.833,1.2216887474060059,3
1,1,1Gi,1.0,0.1,0.3,1.0,1.0,0.29722094535827637,1.9550323486328125e-05,0.3910794258117676,1.1920928955078125e-06,0.7511403560638428,latency_loss,0.78,0.78,1.1656882762908936,4
1,1,1Gi,1.0,0.6,1.0,1.0,0.4,0.23699021339416504,1.6450881958007812e-05,0.2619030475616455,1.1920928955078125e-06,0.548288106918335,latency_loss,0.577,0.577,0.7182195663452149,0
1,1,1Gi,1.0,0.6,1.0,1.0,0.4,0.23465609550476074,2.09808349609375e-05,0.271289587020874,1.430511474609375e-06,0.5590331554412842,latency_loss,0.586,0.586,0.7295729637145996,1
1,1,1Gi,1.0,0.6,1.0,1.0,0.4,0.2700941562652588,1.9073486328125e-05,0.3022630214691162,1.1920928955078125e-06,0.6217122077941895,latency_loss,0.655,0.655,0.8210546970367432,2
1,1,1Gi,1.0,0.6,1.0,1.0,0.4,0.26179051399230957,1.811981201171875e-05,0.29218411445617676,2.384185791015625e-06,0.6105732917785645,latency_loss,0.638,0.638,0.7982172012329102,3
1,1,1Gi,1.0,0.6,1.0,1.0,0.4,0.2599453926086426,1.5497207641601562e-05,0.2641110420227051,7.152557373046875e-07,0.5797128677368164,latency_loss,0.609,0.609,0.7559515953063964,4
1,1,1Gi,1.0,0.1,0.6,1.0,1.0,0.2190873622894287,1.7881393432617188e-05,0.298231840133667,1.430511474609375e-06,0.5692417621612549,latency_loss,0.589,0.589,0.9672714471817017,0
1,1,1Gi,1.0,0.1,0.6,1.0,1.0,0.24154424667358398,1.621246337890625e-05,0.32558631896972656,1.430511474609375e-06,0.6164035797119141,latency_loss,0.688,0.688,1.0533026695251464,1
1,1,1Gi,1.0,0.1,0.6,1.0,1.0,0.25156497955322266,1.621246337890625e-05,0.2606840133666992,1.6689300537109375e-06,0.5577731132507324,latency_loss,0.578,0.578,0.9657517910003662,2
1,1,1Gi,1.0,0.1,0.6,1.0,1.0,0.24004912376403809,2.8371810913085938e-05,0.2859680652618408,2.1457672119140625e-06,0.577817440032959,latency_loss,0.613,0.613,0.9894523859024048,3
1,1,1Gi,1.0,0.1,0.6,1.0,1.0,0.22745251655578613,1.7404556274414062e-05,0.26734089851379395,2.384185791015625e-06,0.5476679801940918,latency_loss,0.624,0.624,0.9355291604995728,4
