cluster_config,cluster_config,cluster_config,function_resource_map,function_resource_map,function_resource_map,function_resource_map,function_times,function_times,function_times,function_times,config_point_result,config_point_result,config_point_result,config_point_result,config_point_result
num_workers,cpu_per_worker,memory_per_worker,extractImgMetadata,transformMetadata,thumbnail,returnMetadata,extractImgMetadata,transformMetadata,thumbnail,returnMetadata,loss_used,loss_value,execution_time,cost_to_run,attempt_n
1,1,1Gi,1.0,1.0,1.0,1.0,0.2172544002532959,6.67572021484375e-06,0.2839491367340088,3.814697265625e-06,latency_loss,0.625,0.625,0.5012140274047852,0
1,1,1Gi,1.0,1.0,1.0,1.0,0.25522708892822266,1.2874603271484375e-05,0.28607654571533203,7.152557373046875e-07,latency_loss,0.618,0.618,0.5413172245025635,1
1,1,1Gi,1.0,1.0,1.0,1.0,0.25609254837036133,1.1682510375976562e-05,0.26328158378601074,1.1920928955078125e-06,latency_loss,0.638,0.638,0.5193870067596436,2
1,1,1Gi,1.0,1.0,1.0,1.0,0.20767474174499512,7.62939453125e-06,0.32240843772888184,1.6689300537109375e-06,latency_loss,0.599,0.599,0.5300924777984619,3
1,1,1Gi,1.0,1.0,1.0,1.0,0.20986294746398926,1.2874603271484375e-05,0.2800171375274658,1.1920928955078125e-06,latency_loss,0.568,0.568,0.48989415168762207,4
1,1,1Gi,0.7,0.4,0.7,0.1,0.24711847305297852,1.4543533325195312e-05,0.2952389717102051,4.291534423828125e-06,latency_loss,0.636,0.636,0.37965645790100094,0
1,1,1Gi,0.7,0.4,0.7,0.1,0.30815815925598145,1.4066696166992188e-05,0.2687954902648926,2.86102294921875e-06,latency_loss,0.693,0.693,0.4038734674453735,1
1,1,1Gi,0.7,0.4,0.7,0.1,0.25549817085266113,1.8835067749023438e-05,0.276259183883667,2.6226043701171875e-06,latency_loss,0.609,0.609,0.37223794460296633,2
1,1,1Gi,0.7,0.4,0.7,0.1,0.21714258193969727,1.811981201171875e-05,0.2702755928039551,4.0531158447265625e-06,latency_loss,0.556,0.556,0.34120037555694577,3
1,1,1Gi,0.7,0.4,0.7,0.1,0.25469064712524414,1.5497207641601562e-05,0.24744057655334473,3.5762786865234375e-06,latency_loss,0.577,0.577,0.3514984130859375,4
1,1,1Gi,1.0,0.4,0.7,0.7,0.2522876262664795,1.430511474609375e-05,0.29611921310424805,2.86102294921875e-06,latency_loss,0.622,0.622,0.45957880020141595,0
1,1,1Gi,1.0,0.4,0.7,0.7,0.21788907051086426,0.00010704994201660156,0.251192569732666,2.384185791015625e-06,latency_loss,0.543,0.543,0.3937683582305908,1
1,1,1Gi,1.0,0.4,0.7,0.7,0.2666659355163574,2.09808349609375e-05,0.2683868408203125,2.384185791015625e-06,latency_loss,0.611,0.611,0.45454678535461424,2
1,1,1Gi,1.0,0.4,0.7,0.7,0.2137753963470459,1.8596649169921875e-05,0.27726078033447266,1.9073486328125e-06,latency_loss,0.57,0.57,0.4078667163848877,3
1,1,1Gi,1.0,0.4,0.7,0.7,0.23551225662231445,2.0503997802734375e-05,0.28606200218200684,2.86102294921875e-06,latency_loss,0.607,0.607,0.4357658624649048,4
1,1,1Gi,0.7,1.0,1.0,0.4,0.27569079399108887,8.58306884765625e-06,0.2829780578613281,4.5299530029296875e-06,latency_loss,0.639,0.639,0.47597200870513917,0
1,1,1Gi,0.7,1.0,1.0,0.4,0.20707297325134277,6.9141387939453125e-06,0.25841569900512695,2.6226043701171875e-06,latency_loss,0.539,0.539,0.40337474346160884,1
1,1,1Gi,0.7,1.0,1.0,0.4,0.25731873512268066,6.198883056640625e-06,0.2887609004974365,4.0531158447265625e-06,latency_loss,0.678,0.678,0.46889183521270755,2
1,1,1Gi,0.7,1.0,1.0,0.4,0.2555367946624756,5.245208740234375e-06,0.26238584518432617,2.1457672119140625e-06,latency_loss,0.642,0.642,0.44126770496368406,3
1,1,1Gi,0.7,1.0,1.0,0.4,0.23739910125732422,6.9141387939453125e-06,0.24781012535095215,2.6226043701171875e-06,latency_loss,0.59,0.59,0.413997459411621,4
1,1,1Gi,0.1,0.4,0.1,0.7,0.31293487548828125,1.5735626220703125e-05,0.4880046844482422,1.9073486328125e-06,latency_loss,0.884,0.884,0.08010158538818359,0
1,1,1Gi,0.1,0.4,0.1,0.7,0.3090517520904541,1.5735626220703125e-05,0.5672147274017334,3.0994415283203125e-06,latency_loss,1.01,1.01,0.08763511180877685,1
1,1,1Gi,0.1,0.4,0.1,0.7,0.28763532638549805,1.239776611328125e-05,0.5860273838043213,2.1457672119140625e-06,latency_loss,1.013,1.013,0.08737273216247558,2
1,1,1Gi,0.1,0.4,0.1,0.7,0.3140087127685547,1.52587890625e-05,0.5369553565979004,3.5762786865234375e-06,latency_loss,1.01,1.01,0.08510501384735109,3
1,1,1Gi,0.1,0.4,0.1,0.7,0.2940833568572998,9.775161743164062e-06,0.5874326229095459,1.9073486328125e-06,latency_loss,1.02,1.02,0.0881568431854248,4
1,1,1Gi,1.0,0.7,0.1,1.0,0.20386004447937012,5.1975250244140625e-05,0.5897846221923828,9.5367431640625e-07,latency_loss,0.876,0.876,0.2628758430480957,0
1,1,1Gi,1.0,0.7,0.1,1.0,0.25009989738464355,1.621246337890625e-05,0.5189762115478516,1.1920928955078125e-06,latency_loss,0.881,0.881,0.30201005935668945,1
1,1,1Gi,1.0,0.7,0.1,1.0,0.2557098865509033,1.33514404296875e-05,0.5728583335876465,9.5367431640625e-07,latency_loss,0.931,0.931,0.31300601959228513,2
1,1,1Gi,1.0,0.7,0.1,1.0,0.244171142578125,1.71661376953125e-05,0.5763866901397705,2.384185791015625e-06,latency_loss,0.921,0.921,0.3018242120742798,3
1,1,1Gi,1.0,0.7,0.1,1.0,0.24960541725158691,9.775161743164062e-06,0.5749292373657227,1.1920928955078125e-06,latency_loss,0.9,0.9,0.3071063756942749,4
1,1,1Gi,0.4,0.7,1.0,0.7,0.2564842700958252,1.3828277587890625e-05,0.25486230850219727,3.337860107421875e-06,latency_loss,0.63,0.63,0.3574680328369141,0
1,1,1Gi,0.4,0.7,1.0,0.7,0.28693485260009766,1.8358230590820312e-05,0.27892422676086426,3.814697265625e-06,latency_loss,0.639,0.639,0.39371368885040287,1
1,1,1Gi,0.4,0.7,1.0,0.7,0.2570943832397461,1.4066696166992188e-05,0.24547147750854492,4.0531158447265625e-06,latency_loss,0.59,0.59,0.34832191467285156,2
1,1,1Gi,0.4,0.7,1.0,0.7,0.28490447998046875,1.9788742065429688e-05,0.2957634925842285,2.86102294921875e-06,latency_loss,0.685,0.685,0.40974113941192625,3
1,1,1Gi,0.4,0.7,1.0,0.7,0.2742021083831787,1.4543533325195312e-05,0.26009154319763184,2.6226043701171875e-06,latency_loss,0.611,0.611,0.36978440284729003,4
1,1,1Gi,1.0,1.0,1.0,0.7,0.2245931625366211,5.7220458984375e-06,0.27048754692077637,2.1457672119140625e-06,latency_loss,0.568,0.568,0.49508793354034425,0
1,1,1Gi,1.0,1.0,1.0,0.7,0.2576630115509033,7.152557373046875e-06,0.277834415435791,2.86102294921875e-06,latency_loss,0.609,0.609,0.5355065822601318,1
1,1,1Gi,1.0,1.0,1.0,0.7,0.23070311546325684,6.198883056640625e-06,0.2733774185180664,3.337860107421875e-06,latency_loss,0.585,0.585,0.504089069366455,2
1,1,1Gi,1.0,1.0,1.0,0.7,0.21543502807617188,6.4373016357421875e-06,0.2434248924255371,2.86102294921875e-06,latency_loss,0.538,0.538,0.45886836051940916,3
1,1,1Gi,1.0,1.0,1.0,0.7,0.2639577388763428,6.4373016357421875e-06,0.24428510665893555,2.6226043701171875e-06,latency_loss,0.589,0.589,0.5082511186599732,4
1,1,1Gi,0.1,1.0,1.0,0.1,0.34660816192626953,6.9141387939453125e-06,0.27187633514404297,2.1457672119140625e-06,latency_loss,0.7,0.7,0.30654428005218504,0
1,1,1Gi,0.1,1.0,1.0,0.1,0.3420703411102295,7.3909759521484375e-06,0.2606015205383301,2.384185791015625e-06,latency_loss,0.682,0.682,0.29481618404388427,1
1,1,1Gi,0.1,1.0,1.0,0.1,0.3199336528778076,7.3909759521484375e-06,0.246046781539917,2.86102294921875e-06,latency_loss,0.648,0.648,0.2780478239059448,2
1,1,1Gi,0.1,1.0,1.0,0.1,0.3123586177825928,1.2636184692382812e-05,0.280534029006958,5.245208740234375e-06,latency_loss,0.675,0.675,0.31178305149078367,3
1,1,1Gi,0.1,1.0,1.0,0.1,0.29919910430908203,5.7220458984375e-06,0.2669639587402344,2.6226043701171875e-06,latency_loss,0.666,0.666,0.29688985347747804,4
1,1,1Gi,0.1,0.1,0.7,0.1,0.30671143531799316,2.384185791015625e-05,0.2962496280670166,2.86102294921875e-06,latency_loss,0.681,0.681,0.23804855346679685,0
1,1,1Gi,0.1,0.1,0.7,0.1,0.3173353672027588,1.811981201171875e-05,0.2687809467315674,2.86102294921875e-06,latency_loss,0.69,0.69,0.21988229751586913,1
1,1,1Gi,0.1,0.1,0.7,0.1,0.32928895950317383,1.5735626220703125e-05,0.2495408058166504,3.0994415283203125e-06,latency_loss,0.658,0.658,0.20760934352874758,2
1,1,1Gi,0.1,0.1,0.7,0.1,0.3241887092590332,1.2636184692382812e-05,0.28255605697631836,2.86102294921875e-06,latency_loss,0.681,0.681,0.23020966053009032,3
1,1,1Gi,0.1,0.1,0.7,0.1,0.3646664619445801,1.6689300537109375e-05,0.2929224967956543,3.337860107421875e-06,latency_loss,0.735,0.735,0.24151439666748045,4
1,1,1Gi,0.4,0.1,0.1,0.4,0.257688045501709,2.6226043701171875e-05,0.6056258678436279,3.337860107421875e-06,latency_loss,0.952,0.952,0.16364176273345948,0
1,1,1Gi,0.4,0.1,0.1,0.4,0.25782299041748047,3.3855438232421875e-05,0.5355584621429443,3.337860107421875e-06,latency_loss,0.887,0.887,0.15668976306915283,1
1,1,1Gi,0.4,0.1,0.1,0.4,0.25844311714172363,1.4066696166992188e-05,0.520334005355835,3.814697265625e-06,latency_loss,0.872,0.872,0.15541357994079594,2
1,1,1Gi,0.4,0.1,0.1,0.4,0.339571475982666,1.9073486328125e-05,0.48572444915771484,1.9073486328125e-06,latency_loss,0.904,0.904,0.18440370559692382,3
1,1,1Gi,0.4,0.1,0.1,0.4,0.26367640495300293,1.33514404296875e-05,0.5732951164245605,2.384185791015625e-06,latency_loss,0.958,0.958,0.16280236244201662,4
1,1,1Gi,1.0,0.7,0.4,0.4,0.3985910415649414,1.4781951904296875e-05,0.32909512519836426,4.291534423828125e-06,latency_loss,0.801,0.801,0.5302411556243897,0
1,1,1Gi,1.0,0.7,0.4,0.4,0.2517843246459961,1.1205673217773438e-05,0.30909252166748047,2.384185791015625e-06,latency_loss,0.642,0.642,0.3754301309585571,1
1,1,1Gi,1.0,0.7,0.4,0.4,0.25311708450317383,1.71661376953125e-05,0.33954405784606934,4.5299530029296875e-06,latency_loss,0.659,0.659,0.38894853591918943,2
1,1,1Gi,1.0,0.7,0.4,0.4,0.24570727348327637,1.811981201171875e-05,0.41759443283081055,3.0994415283203125e-06,latency_loss,0.796,0.796,0.4127589702606201,3
1,1,1Gi,1.0,0.7,0.4,0.4,0.21689939498901367,1.33514404296875e-05,0.3306560516357422,4.291534423828125e-06,latency_loss,0.686,0.686,0.34917287826538085,4
1,1,1Gi,0.4,0.1,0.7,0.4,0.25464892387390137,2.09808349609375e-05,0.28918886184692383,4.291534423828125e-06,latency_loss,0.619,0.619,0.30429558753967284,0
1,1,1Gi,0.4,0.1,0.7,0.4,0.25807714462280273,1.6689300537109375e-05,0.2765204906463623,2.6226043701171875e-06,latency_loss,0.608,0.608,0.29679791927337645,1
1,1,1Gi,0.4,0.1,0.7,0.4,0.25543665885925293,1.7881393432617188e-05,0.25942230224609375,2.6226043701171875e-06,latency_loss,0.598,0.598,0.2837731122970581,2
1,1,1Gi,0.4,0.1,0.7,0.4,0.25765514373779297,1.33514404296875e-05,0.2741858959197998,3.0994415283203125e-06,latency_loss,0.618,0.618,0.29499475955963134,3
1,1,1Gi,0.4,0.1,0.7,0.4,0.2542290687561035,1.8596649169921875e-05,0.2796132564544678,3.5762786865234375e-06,latency_loss,0.648,0.648,0.29742419719696045,4
1,1,1Gi,0.1,1.0,0.4,1.0,0.34902262687683105,7.152557373046875e-06,0.29795289039611816,1.1920928955078125e-06,latency_loss,0.721,0.721,0.15409176349639891,0
1,1,1Gi,0.1,1.0,0.4,1.0,0.2952570915222168,7.152557373046875e-06,0.33869099617004395,3.0994415283203125e-06,latency_loss,0.735,0.735,0.16501235961914065,1
1,1,1Gi,0.1,1.0,0.4,1.0,0.32507896423339844,9.059906005859375e-06,0.308457612991333,1.1920928955078125e-06,latency_loss,0.711,0.711,0.15590119361877441,2
1,1,1Gi,0.1,1.0,0.4,1.0,0.46326732635498047,5.9604644775390625e-06,0.31923604011535645,9.5367431640625e-07,latency_loss,0.861,0.861,0.1740280628204346,3
1,1,1Gi,0.1,1.0,0.4,1.0,0.31625890731811523,6.9141387939453125e-06,0.3806748390197754,9.5367431640625e-07,latency_loss,0.78,0.78,0.18390369415283203,4
1,1,1Gi,0.7,0.4,0.4,1.0,0.25777244567871094,1.8358230590820312e-05,0.318556547164917,1.430511474609375e-06,latency_loss,0.696,0.696,0.30787210464477544,0
1,1,1Gi,0.7,0.4,0.4,1.0,0.25815367698669434,1.6450881958007812e-05,0.29519200325012207,1.1920928955078125e-06,latency_loss,0.63,0.63,0.2987921476364136,1
1,1,1Gi,0.7,0.4,0.4,1.0,0.2596096992492676,1.5974044799804688e-05,0.3178417682647705,1.1920928955078125e-06,latency_loss,0.651,0.651,0.3088710784912109,2
1,1,1Gi,0.7,0.4,0.4,1.0,0.23841333389282227,1.9788742065429688e-05,0.30878591537475586,1.1920928955078125e-06,latency_loss,0.622,0.622,0.29041280746459963,3
1,1,1Gi,0.7,0.4,0.4,1.0,0.2451772689819336,1.9073486328125e-05,0.29805827140808105,9.5367431640625e-07,latency_loss,0.619,0.619,0.29085597991943357,4
1,1,1Gi,0.7,0.1,0.1,1.0,0.29406046867370605,1.5497207641601562e-05,0.5807430744171143,1.1920928955078125e-06,latency_loss,1.0,1.0,0.2639193773269653,0
1,1,1Gi,0.7,0.1,0.1,1.0,0.256594181060791,1.811981201171875e-05,0.6337840557098389,1.1920928955078125e-06,latency_loss,0.973,0.973,0.24299733638763427,1
1,1,1Gi,0.7,0.1,0.1,1.0,0.23834967613220215,1.9311904907226562e-05,0.549717903137207,7.152557373046875e-07,latency_loss,0.923,0.923,0.22181921005249022,2
1,1,1Gi,0.7,0.1,0.1,1.0,0.23754072189331055,2.384185791015625e-05,0.5183758735656738,9.5367431640625e-07,latency_loss,0.874,0.874,0.21811943054199218,3
1,1,1Gi,0.7,0.1,0.1,1.0,0.2983577251434326,1.4066696166992188e-05,0.5117497444152832,7.152557373046875e-07,latency_loss,0.888,0.888,0.26002750396728513,4
1,1,1Gi,0.4,0.7,0.4,0.1,0.25829291343688965,1.3589859008789062e-05,0.3377969264984131,5.7220458984375e-06,latency_loss,0.679,0.679,0.23844602108001714,0
1,1,1Gi,0.4,0.7,0.4,0.1,0.26650428771972656,1.5497207641601562e-05,0.3167421817779541,3.5762786865234375e-06,latency_loss,0.659,0.659,0.23330979347229006,1
1,1,1Gi,0.4,0.7,0.4,0.1,0.2974700927734375,8.58306884765625e-06,0.391188383102417,2.86102294921875e-06,latency_loss,0.804,0.804,0.2754696846008301,2
1,1,1Gi,0.4,0.7,0.4,0.1,0.26934218406677246,1.71661376953125e-05,0.2876551151275635,3.0994415283203125e-06,latency_loss,0.639,0.639,0.22281124591827395,3
1,1,1Gi,0.4,0.7,0.4,0.1,0.2565732002258301,9.775161743164062e-06,0.31740427017211914,1.430511474609375e-06,latency_loss,0.716,0.716,0.22959797382354738,4
1,1,1Gi,0.1,0.7,0.4,0.7,0.2908027172088623,1.4781951904296875e-05,0.2978818416595459,2.6226043701171875e-06,latency_loss,0.672,0.672,0.14824519157409669,0
1,1,1Gi,0.1,0.7,0.4,0.7,0.32645368576049805,3.981590270996094e-05,0.3087019920349121,2.6226043701171875e-06,latency_loss,0.709,0.709,0.1561558723449707,1
1,1,1Gi,0.1,0.7,0.4,0.7,0.3441476821899414,6.628036499023438e-05,0.3465430736541748,4.0531158447265625e-06,latency_loss,0.771,0.771,0.17308123111724855,2
1,1,1Gi,0.1,0.7,0.4,0.7,0.3185279369354248,1.0728836059570312e-05,0.315549373626709,2.1457672119140625e-06,latency_loss,0.719,0.719,0.15808155536651614,3
1,1,1Gi,0.1,0.7,0.4,0.7,0.3301093578338623,1.1682510375976562e-05,0.2878549098968506,2.6226043701171875e-06,latency_loss,0.694,0.694,0.1481629133224487,4
1,1,1Gi,0.4,0.7,0.1,0.7,0.23841381072998047,1.2636184692382812e-05,0.5276322364807129,2.384185791015625e-06,latency_loss,0.842,0.842,0.14813926219940185,0
1,1,1Gi,0.4,0.7,0.1,0.7,0.24584054946899414,1.621246337890625e-05,0.4672670364379883,1.6689300537109375e-06,latency_loss,0.849,0.849,0.14507544040679932,1
1,1,1Gi,0.4,0.7,0.1,0.7,0.25849199295043945,2.0265579223632812e-05,0.5314736366271973,2.384185791015625e-06,latency_loss,0.876,0.876,0.15656001567840577,2
1,1,1Gi,0.4,0.7,0.1,0.7,0.26621556282043457,9.5367431640625e-06,0.5424566268920898,2.384185791015625e-06,latency_loss,0.902,0.902,0.16074023246765137,3
1,1,1Gi,0.4,0.7,0.1,0.7,0.3771648406982422,1.0013580322265625e-05,0.5504024028778076,3.337860107421875e-06,latency_loss,1.055,1.055,0.20591552257537846,4
1,1,1Gi,0.1,0.1,0.7,0.4,0.32714080810546875,1.239776611328125e-05,0.2692081928253174,3.337860107421875e-06,latency_loss,0.67,0.67,0.22116239070892332,0
1,1,1Gi,0.1,0.1,0.7,0.4,0.3940868377685547,1.3113021850585938e-05,0.24906158447265625,3.0994415283203125e-06,latency_loss,0.72,0.72,0.21375434398651122,1
1,1,1Gi,0.1,0.1,0.7,0.4,0.32740283012390137,1.5497207641601562e-05,0.2382650375366211,2.86102294921875e-06,latency_loss,0.693,0.693,0.19952850341796874,2
1,1,1Gi,0.1,0.1,0.7,0.4,0.28547215461730957,1.0967254638671875e-05,0.2691378593444824,2.86102294921875e-06,latency_loss,0.629,0.629,0.21694595813751222,3
1,1,1Gi,0.1,0.1,0.7,0.4,0.2902872562408447,1.4066696166992188e-05,0.29736757278442383,2.86102294921875e-06,latency_loss,0.673,0.673,0.23718857765197754,4
1,1,1Gi,0.4,0.4,0.7,0.4,0.25771236419677734,1.3113021850585938e-05,0.2704157829284668,4.291534423828125e-06,latency_loss,0.6,0.6,0.29238295555114746,0
1,1,1Gi,0.4,0.4,0.7,0.4,0.2586028575897217,1.5735626220703125e-05,0.2552375793457031,3.5762786865234375e-06,latency_loss,0.589,0.589,0.28211517333984376,1
1,1,1Gi,0.4,0.4,0.7,0.4,0.2586991786956787,1.1920928955078125e-05,0.2870357036590576,1.9073486328125e-06,latency_loss,0.678,0.678,0.30441019535064695,2
1,1,1Gi,0.4,0.4,0.7,0.4,0.2590298652648926,1.9550323486328125e-05,0.2878153324127197,2.6226043701171875e-06,latency_loss,0.621,0.621,0.3050915479660034,3
1,1,1Gi,0.4,0.4,0.7,0.4,0.25780224800109863,1.3828277587890625e-05,0.2702901363372803,3.0994415283203125e-06,latency_loss,0.598,0.598,0.2923307657241821,4
1,1,1Gi,0.1,0.4,0.4,0.7,0.30187034606933594,1.0013580322265625e-05,0.4766659736633301,3.5762786865234375e-06,latency_loss,0.852,0.852,0.22085993289947511,0
1,1,1Gi,0.1,0.4,0.4,0.7,0.32154321670532227,1.5020370483398438e-05,0.3736107349395752,4.76837158203125e-06,latency_loss,0.767,0.767,0.18160796165466309,1
1,1,1Gi,0.1,0.4,0.4,0.7,0.3304429054260254,1.71661376953125e-05,0.31801652908325195,2.6226043701171875e-06,latency_loss,0.781,0.781,0.16025960445404053,2
1,1,1Gi,0.1,0.4,0.4,0.7,0.2946603298187256,1.5020370483398438e-05,0.3066737651824951,3.0994415283203125e-06,latency_loss,0.736,0.736,0.1521437168121338,3
1,1,1Gi,0.1,0.4,0.4,0.7,0.3382587432861328,1.3828277587890625e-05,0.34400248527526855,2.86102294921875e-06,latency_loss,0.765,0.765,0.17143440246582034,4
1,1,1Gi,0.4,0.7,0.7,0.4,0.24916744232177734,1.0251998901367188e-05,0.33971214294433594,5.245208740234375e-06,latency_loss,0.659,0.659,0.33747475147247313,0
1,1,1Gi,0.4,0.7,0.7,0.4,0.26559925079345703,1.1205673217773438e-05,0.2686746120452881,2.86102294921875e-06,latency_loss,0.611,0.611,0.29432091712951663,1
1,1,1Gi,0.4,0.7,0.7,0.4,0.35703325271606445,1.33514404296875e-05,0.29778432846069336,2.6226043701171875e-06,latency_loss,0.781,0.781,0.3512727260589599,2
1,1,1Gi,0.4,0.7,0.7,0.4,0.247650146484375,1.7642974853515625e-05,0.24375605583190918,3.0994415283203125e-06,latency_loss,0.569,0.569,0.2697028875350952,3
1,1,1Gi,0.4,0.7,0.7,0.4,0.25797390937805176,2.5033950805664062e-05,0.28139185905456543,2.6226043701171875e-06,latency_loss,0.62,0.62,0.3001824378967285,4
1,1,1Gi,0.1,0.4,0.1,0.1,0.3892943859100342,1.71661376953125e-05,0.5547516345977783,3.337860107421875e-06,latency_loss,1.025,1.025,0.09441180229187013,0
1,1,1Gi,0.1,0.4,0.1,0.1,0.31585240364074707,1.6927719116210938e-05,0.4793360233306885,1.430511474609375e-06,latency_loss,0.875,0.875,0.07952575683593749,1
1,1,1Gi,0.1,0.4,0.1,0.1,0.3099358081817627,1.6689300537109375e-05,0.6072735786437988,2.6226043701171875e-06,latency_loss,1.004,1.004,0.091727876663208,2
1,1,1Gi,0.1,0.4,0.1,0.1,0.3370649814605713,1.9550323486328125e-05,0.5721828937530518,4.291534423828125e-06,latency_loss,1.005,1.005,0.09093303680419922,3
1,1,1Gi,0.1,0.4,0.1,0.1,0.30137109756469727,1.7404556274414062e-05,0.52897047996521,3.0994415283203125e-06,latency_loss,0.912,0.912,0.08304142951965332,4
1,1,1Gi,0.4,0.7,0.4,0.7,0.24745631217956543,2.5510787963867188e-05,0.338761568069458,2.6226043701171875e-06,latency_loss,0.657,0.657,0.23450684547424316,0
1,1,1Gi,0.4,0.7,0.4,0.7,0.2582128047943115,9.5367431640625e-06,0.30791211128234863,1.6689300537109375e-06,latency_loss,0.685,0.685,0.2264578104019165,1
1,1,1Gi,0.4,0.7,0.4,0.7,0.24864697456359863,1.52587890625e-05,0.30660414695739746,2.1457672119140625e-06,latency_loss,0.687,0.687,0.22211263179779056,2
1,1,1Gi,0.4,0.7,0.4,0.7,0.2565732002258301,1.7404556274414062e-05,0.315291166305542,2.384185791015625e-06,latency_loss,0.65,0.65,0.22875959873199464,3
1,1,1Gi,0.4,0.7,0.4,0.7,0.38685178756713867,1.33514404296875e-05,0.30922651290893555,3.0994415283203125e-06,latency_loss,0.814,0.814,0.2784428358078003,4
1,1,1Gi,0.1,0.4,0.7,0.4,0.2751345634460449,1.3113021850585938e-05,0.25678038597106934,2.86102294921875e-06,latency_loss,0.617,0.617,0.20726611614227297,0
1,1,1Gi,0.1,0.4,0.7,0.4,0.3180816173553467,1.8835067749023438e-05,0.27111053466796875,3.337860107421875e-06,latency_loss,0.726,0.726,0.22159440517425535,1
1,1,1Gi,0.1,0.4,0.7,0.4,0.29035210609436035,1.0967254638671875e-05,0.30830979347229004,3.337860107421875e-06,latency_loss,0.721,0.721,0.2448577880859375,2
1,1,1Gi,0.1,0.4,0.7,0.4,0.29004740715026855,2.1696090698242188e-05,0.26840662956237793,4.291534423828125e-06,latency_loss,0.629,0.629,0.2168997764587402,3
1,1,1Gi,0.1,0.4,0.7,0.4,0.3375718593597412,1.4066696166992188e-05,0.2890324592590332,3.337860107421875e-06,latency_loss,0.702,0.702,0.23608686923980712,4
1,1,1Gi,0.4,0.1,1.0,0.1,0.2583193778991699,1.239776611328125e-05,0.31335997581481934,3.5762786865234375e-06,latency_loss,0.663,0.663,0.4166893243789673,0
1,1,1Gi,0.4,0.1,1.0,0.1,0.34688639640808105,1.239776611328125e-05,0.2568044662475586,3.5762786865234375e-06,latency_loss,0.688,0.688,0.395560622215271,1
1,1,1Gi,0.4,0.1,1.0,0.1,0.26960229873657227,1.3113021850585938e-05,0.2549567222595215,4.0531158447265625e-06,latency_loss,0.599,0.599,0.36279935836791993,2
1,1,1Gi,0.4,0.1,1.0,0.1,0.2584707736968994,1.2159347534179688e-05,0.3045804500579834,2.6226043701171875e-06,latency_loss,0.65,0.65,0.40797023773193364,3
1,1,1Gi,0.4,0.1,1.0,0.1,0.2794804573059082,1.8835067749023438e-05,0.25840187072753906,3.337860107421875e-06,latency_loss,0.608,0.608,0.370196270942688,4
1,1,1Gi,0.7,0.7,0.4,0.7,0.24675369262695312,1.430511474609375e-05,0.30937838554382324,2.6226043701171875e-06,latency_loss,0.678,0.678,0.29649078845977783,0
1,1,1Gi,0.7,0.7,0.4,0.7,0.2468249797821045,1.8596649169921875e-05,0.33711862564086914,4.5299530029296875e-06,latency_loss,0.659,0.659,0.30764112472534183,1
1,1,1Gi,0.7,0.7,0.4,0.7,0.30668163299560547,1.2874603271484375e-05,0.30939698219299316,3.337860107421875e-06,latency_loss,0.7,0.7,0.33844728469848634,2
1,1,1Gi,0.7,0.7,0.4,0.7,0.2502319812774658,1.8596649169921875e-05,0.39597249031066895,1.6689300537109375e-06,latency_loss,0.72,0.72,0.3335655689239502,3
1,1,1Gi,0.7,0.7,0.4,0.7,0.2147517204284668,4.0531158447265625e-05,0.3268249034881592,3.0994415283203125e-06,latency_loss,0.63,0.63,0.28108670711517336,4
1,1,1Gi,0.1,1.0,0.1,1.0,0.3200857639312744,5.9604644775390625e-06,0.519986629486084,1.1920928955078125e-06,latency_loss,0.955,0.955,0.08401439189910889,0
1,1,1Gi,0.1,1.0,0.1,1.0,0.2906460762023926,5.4836273193359375e-06,0.5181012153625488,1.1920928955078125e-06,latency_loss,0.882,0.882,0.08088140487670899,1
1,1,1Gi,0.1,1.0,0.1,1.0,0.2700467109680176,1.33514404296875e-05,0.6127309799194336,1.9073486328125e-06,latency_loss,0.975,0.975,0.08829302787780761,2
1,1,1Gi,0.1,1.0,0.1,1.0,0.3038952350616455,7.152557373046875e-06,0.46587133407592773,1.9073486328125e-06,latency_loss,0.851,0.851,0.07698571681976318,3
1,1,1Gi,0.1,1.0,0.1,1.0,0.39041948318481445,5.9604644775390625e-06,0.566887378692627,7.152557373046875e-07,latency_loss,1.029,1.029,0.09573736190795899,4
1,1,1Gi,0.4,1.0,0.1,1.0,0.2579805850982666,6.4373016357421875e-06,0.5227236747741699,1.430511474609375e-06,latency_loss,0.862,0.862,0.155472469329834,0
1,1,1Gi,0.4,1.0,0.1,1.0,0.24897241592407227,6.4373016357421875e-06,0.5059897899627686,1.1920928955078125e-06,latency_loss,0.87,0.87,0.15019557476043702,1
1,1,1Gi,0.4,1.0,0.1,1.0,0.27886176109313965,7.152557373046875e-06,0.45404052734375,1.9073486328125e-06,latency_loss,0.815,0.815,0.15695781707763673,2
1,1,1Gi,0.4,1.0,0.1,1.0,0.2875685691833496,7.3909759521484375e-06,0.45362138748168945,7.152557373046875e-07,latency_loss,0.877,0.877,0.16039767265319824,3
1,1,1Gi,0.4,1.0,0.1,1.0,0.25171613693237305,7.3909759521484375e-06,0.4623403549194336,1.430511474609375e-06,latency_loss,0.808,0.808,0.14692931175231935,4
1,1,1Gi,0.1,0.7,0.1,1.0,0.3573262691497803,1.3589859008789062e-05,0.5730223655700684,1.430511474609375e-06,latency_loss,1.011,1.011,0.09304580688476563,0
1,1,1Gi,0.1,0.7,0.1,1.0,0.3689289093017578,1.7404556274414062e-05,0.5869433879852295,1.430511474609375e-06,latency_loss,1.04,1.04,0.09560084342956543,1
1,1,1Gi,0.1,0.7,0.1,1.0,0.29236483573913574,1.6450881958007812e-05,0.5281980037689209,7.152557373046875e-07,latency_loss,0.901,0.901,0.08206851482391359,2
1,1,1Gi,0.1,0.7,0.1,1.0,0.2996697425842285,1.2636184692382812e-05,0.6157360076904297,9.5367431640625e-07,latency_loss,1.004,1.004,0.0915503740310669,3
1,1,1Gi,0.1,0.7,0.1,1.0,0.3842339515686035,9.059906005859375e-06,0.5376160144805908,1.1920928955078125e-06,latency_loss,1.027,1.027,0.09219253063201904,4
1,1,1Gi,0.1,1.0,0.4,0.4,0.3053445816040039,9.775161743164062e-06,0.34764719009399414,4.0531158447265625e-06,latency_loss,0.736,0.736,0.16960473060607914,0
1,1,1Gi,0.1,1.0,0.4,0.4,0.3207511901855469,6.67572021484375e-06,0.3384418487548828,1.430511474609375e-06,latency_loss,0.751,0.751,0.16745910644531253,1
1,1,1Gi,0.1,1.0,0.4,0.4,0.3161356449127197,5.9604644775390625e-06,0.3470625877380371,1.9073486328125e-06,latency_loss,0.797,0.797,0.17044532299041748,2
1,1,1Gi,0.1,1.0,0.4,0.4,0.3471977710723877,6.9141387939453125e-06,0.3314502239227295,2.6226043701171875e-06,latency_loss,0.76,0.76,0.1673078298568726,3
1,1,1Gi,0.1,1.0,0.4,0.4,0.3030250072479248,1.0728836059570312e-05,0.3082704544067383,3.337860107421875e-06,latency_loss,0.7,0.7,0.15362274646759033,4
1,1,1Gi,0.4,0.7,0.7,0.7,0.30814504623413086,1.33514404296875e-05,0.3086397647857666,2.1457672119140625e-06,latency_loss,0.688,0.688,0.3393167018890381,0
1,1,1Gi,0.4,0.7,0.7,0.7,0.28623437881469727,1.4543533325195312e-05,0.2541937828063965,3.5762786865234375e-06,latency_loss,0.618,0.618,0.29244208335876465,1
1,1,1Gi,0.4,0.7,0.7,0.7,0.24833202362060547,1.3113021850585938e-05,0.24409127235412598,2.384185791015625e-06,latency_loss,0.609,0.609,0.2702075481414795,2
1,1,1Gi,0.4,0.7,0.7,0.7,0.25750732421875,1.6450881958007812e-05,0.28829312324523926,3.814697265625e-06,latency_loss,0.617,0.617,0.304822301864624,3
1,1,1Gi,0.4,0.7,0.7,0.7,0.2667107582092285,9.775161743164062e-06,0.2891545295715332,3.5762786865234375e-06,latency_loss,0.63,0.63,0.30910181999206543,4
1,1,1Gi,0.1,0.4,0.1,1.0,0.31656384468078613,1.4066696166992188e-05,0.5863075256347656,1.430511474609375e-06,latency_loss,0.984,0.984,0.0902941942214966,0
1,1,1Gi,0.1,0.4,0.1,1.0,0.31818294525146484,2.5033950805664062e-05,0.5796570777893066,1.430511474609375e-06,latency_loss,1.003,1.003,0.08979544639587403,1
1,1,1Gi,0.1,0.4,0.1,1.0,0.35851073265075684,1.4781951904296875e-05,0.5674505233764648,2.86102294921875e-06,latency_loss,1.069,1.069,0.0926048994064331,2
1,1,1Gi,0.1,0.4,0.1,1.0,0.3299260139465332,1.9788742065429688e-05,0.4896721839904785,1.1920928955078125e-06,latency_loss,0.902,0.902,0.08196892738342286,3
1,1,1Gi,0.1,0.4,0.1,1.0,0.4481794834136963,1.4781951904296875e-05,0.611065149307251,7.152557373046875e-07,latency_loss,1.142,1.142,0.10593109130859375,4
1,1,1Gi,0.4,0.1,0.4,0.7,0.2553060054779053,1.8358230590820312e-05,0.3220198154449463,2.384185791015625e-06,latency_loss,0.66,0.66,0.2309338331222534,0
1,1,1Gi,0.4,0.1,0.4,0.7,0.2664003372192383,1.9073486328125e-05,0.338545560836792,1.430511474609375e-06,latency_loss,0.684,0.684,0.24198126792907715,1
1,1,1Gi,0.4,0.1,0.4,0.7,0.3000004291534424,2.288818359375e-05,0.2959156036376953,2.86102294921875e-06,latency_loss,0.67,0.67,0.23837070465087892,2
1,1,1Gi,0.4,0.1,0.4,0.7,0.23776698112487793,5.841255187988281e-05,0.3253815174102783,1.430511474609375e-06,latency_loss,0.639,0.639,0.2252662420272827,3
1,1,1Gi,0.4,0.1,0.4,0.7,0.22749090194702148,1.9550323486328125e-05,0.3806445598602295,1.430511474609375e-06,latency_loss,0.722,0.722,0.24325714111328128,4
1,1,1Gi,0.7,0.4,0.7,0.7,0.2366783618927002,1.7881393432617188e-05,0.23826313018798828,3.337860107421875e-06,latency_loss,0.596,0.596,0.33246853351593014,0
1,1,1Gi,0.7,0.4,0.7,0.7,0.2573537826538086,1.430511474609375e-05,0.2494211196899414,2.1457672119140625e-06,latency_loss,0.577,0.577,0.3547496557235718,1
1,1,1Gi,0.7,0.4,0.7,0.7,0.23610973358154297,1.4066696166992188e-05,0.27423572540283203,2.6226043701171875e-06,latency_loss,0.589,0.589,0.35724928379058835,2
1,1,1Gi,0.7,0.4,0.7,0.7,0.25882649421691895,1.4781951904296875e-05,0.2694532871246338,3.0994415283203125e-06,latency_loss,0.65,0.65,0.3698039293289185,3
1,1,1Gi,0.7,0.4,0.7,0.7,0.2691380977630615,1.1920928955078125e-05,0.27779102325439453,3.0994415283203125e-06,latency_loss,0.619,0.619,0.3828573226928711,4
1,1,1Gi,0.1,0.7,0.7,0.7,0.3100008964538574,1.4543533325195312e-05,0.2858560085296631,4.5299530029296875e-06,latency_loss,0.668,0.668,0.23111264705657958,0
1,1,1Gi,0.1,0.7,0.7,0.7,0.3122406005859375,1.3113021850585938e-05,0.23976874351501465,2.86102294921875e-06,latency_loss,0.63,0.63,0.19907336235046388,1
1,1,1Gi,0.1,0.7,0.7,0.7,0.2824840545654297,1.71661376953125e-05,0.2872750759124756,3.0994415283203125e-06,latency_loss,0.699,0.699,0.2293551445007324,2
1,1,1Gi,0.1,0.7,0.7,0.7,0.2803924083709717,1.430511474609375e-05,0.29453372955322266,3.337860107421875e-06,latency_loss,0.66,0.66,0.23422520160675048,3
1,1,1Gi,0.1,0.7,0.7,0.7,0.27878856658935547,2.1696090698242188e-05,0.23929286003112793,1.9073486328125e-06,latency_loss,0.588,0.588,0.1954003810882568,4
1,1,1Gi,0.1,0.7,1.0,0.7,0.30164027214050293,1.8596649169921875e-05,0.2538278102874756,2.1457672119140625e-06,latency_loss,0.65,0.65,0.28400635719299316,0
1,1,1Gi,0.1,0.7,1.0,0.7,0.4486961364746094,1.8358230590820312e-05,0.2764420509338379,2.1457672119140625e-06,latency_loss,0.833,0.833,0.32132601737976074,1
1,1,1Gi,0.1,0.7,1.0,0.7,0.3155834674835205,1.52587890625e-05,0.244736909866333,2.6226043701171875e-06,latency_loss,0.642,0.642,0.2763077735900879,2
1,1,1Gi,0.1,0.7,1.0,0.7,0.36410093307495117,1.0967254638671875e-05,0.25768232345581055,6.9141387939453125e-06,latency_loss,0.696,0.696,0.2941049337387085,3
1,1,1Gi,0.1,0.7,1.0,0.7,0.33452439308166504,1.0967254638671875e-05,0.27532291412353516,2.86102294921875e-06,latency_loss,0.701,0.701,0.30878503322601314,4
1,1,1Gi,0.1,0.7,0.7,1.0,0.2884232997894287,2.1696090698242188e-05,0.2694113254547119,1.1920928955078125e-06,latency_loss,0.643,0.643,0.21744663715362547,0
1,1,1Gi,0.1,0.7,0.7,1.0,0.2673954963684082,1.0967254638671875e-05,0.26754164695739746,1.6689300537109375e-06,latency_loss,0.622,0.622,0.2140280485153198,1
1,1,1Gi,0.1,0.7,0.7,1.0,0.3288881778717041,1.4066696166992188e-05,0.2899763584136963,9.5367431640625e-07,latency_loss,0.705,0.705,0.2358830690383911,2
1,1,1Gi,0.1,0.7,0.7,1.0,0.33254051208496094,1.9073486328125e-05,0.282550573348999,9.5367431640625e-07,latency_loss,0.697,0.697,0.2310537576675415,3
1,1,1Gi,0.1,0.7,0.7,1.0,0.2980072498321533,1.4066696166992188e-05,0.2416532039642334,1.430511474609375e-06,latency_loss,0.621,0.621,0.1989692449569702,4
1,1,1Gi,1.0,1.0,0.7,1.0,0.20842480659484863,1.33514404296875e-05,0.29709839820861816,1.430511474609375e-06,latency_loss,0.591,0.591,0.41640846729278563,0
1,1,1Gi,1.0,1.0,0.7,1.0,0.2796902656555176,7.867813110351562e-06,0.2900421619415283,9.5367431640625e-07,latency_loss,0.639,0.639,0.48272860050201416,1
1,1,1Gi,1.0,1.0,0.7,1.0,0.22088289260864258,7.3909759521484375e-06,0.2980966567993164,7.152557373046875e-07,latency_loss,0.603,0.603,0.42955865859985354,2
1,1,1Gi,1.0,1.0,0.7,1.0,0.23647379875183105,7.867813110351562e-06,0.29004478454589844,9.5367431640625e-07,latency_loss,0.598,0.598,0.4395139694213867,3
1,1,1Gi,1.0,1.0,0.7,1.0,0.2334733009338379,6.198883056640625e-06,0.287616491317749,2.6226043701171875e-06,latency_loss,0.609,0.609,0.43481366634368895,4
1,1,1Gi,0.1,1.0,0.7,1.0,0.31919193267822266,7.152557373046875e-06,0.27111196517944336,9.5367431640625e-07,latency_loss,0.719,0.719,0.22170567512512207,0
1,1,1Gi,0.1,1.0,0.7,1.0,0.32073140144348145,6.198883056640625e-06,0.30746936798095703,1.1920928955078125e-06,latency_loss,0.715,0.715,0.24730908870697021,1
1,1,1Gi,0.1,1.0,0.7,1.0,0.30070042610168457,1.0013580322265625e-05,0.29867124557495117,1.430511474609375e-06,latency_loss,0.729,0.729,0.23915135860443115,2
1,1,1Gi,0.1,1.0,0.7,1.0,0.39449477195739746,9.298324584960938e-06,0.27453112602233887,9.5367431640625e-07,latency_loss,0.772,0.772,0.2316315174102783,3
1,1,1Gi,0.1,1.0,0.7,1.0,0.32178544998168945,7.152557373046875e-06,0.26488399505615234,2.1457672119140625e-06,latency_loss,0.669,0.669,0.21760663986206052,4
1,1,1Gi,0.4,0.4,0.4,1.0,0.2774930000305176,1.52587890625e-05,0.28919005393981934,1.430511474609375e-06,latency_loss,0.638,0.638,0.22668075561523438,0
1,1,1Gi,0.4,0.4,0.4,1.0,0.28876304626464844,2.1219253540039062e-05,0.3203310966491699,1.1920928955078125e-06,latency_loss,0.68,0.68,0.24364733695983887,1
1,1,1Gi,0.4,0.4,0.4,1.0,0.2566559314727783,3.0279159545898438e-05,0.2886981964111328,9.5367431640625e-07,latency_loss,0.641,0.641,0.2181547164916992,2
1,1,1Gi,0.4,0.4,0.4,1.0,0.2486281394958496,2.0503997802734375e-05,0.3969759941101074,1.430511474609375e-06,latency_loss,0.719,0.719,0.25825128555297855,3
1,1,1Gi,0.4,0.4,0.4,1.0,0.29601430892944336,1.621246337890625e-05,0.29567670822143555,1.430511474609375e-06,latency_loss,0.669,0.669,0.23668432235717773,4
1,1,1Gi,0.1,1.0,1.0,0.7,0.3940587043762207,5.4836273193359375e-06,0.25571489334106445,2.6226043701171875e-06,latency_loss,0.725,0.725,0.2951280832290649,0
1,1,1Gi,0.1,1.0,1.0,0.7,0.3139474391937256,6.67572021484375e-06,0.2425689697265625,2.1457672119140625e-06,latency_loss,0.629,0.629,0.2739718914031983,1
1,1,1Gi,0.1,1.0,1.0,0.7,0.3716864585876465,6.198883056640625e-06,0.24422788619995117,3.0994415283203125e-06,latency_loss,0.694,0.694,0.28140490055084233,2
1,1,1Gi,0.1,1.0,1.0,0.7,0.33266115188598633,5.4836273193359375e-06,0.2631962299346924,3.337860107421875e-06,latency_loss,0.682,0.682,0.29647016525268555,3
1,1,1Gi,0.1,1.0,1.0,0.7,0.37810850143432617,5.9604644775390625e-06,0.24440717697143555,4.5299530029296875e-06,latency_loss,0.739,0.739,0.28222715854644775,4
1,1,1Gi,0.7,0.7,0.7,1.0,0.24811887741088867,1.6689300537109375e-05,0.2752349376678467,1.1920928955078125e-06,latency_loss,0.599,0.599,0.36636054515838623,0
1,1,1Gi,0.7,0.7,0.7,1.0,0.24265027046203613,1.3828277587890625e-05,0.2664480209350586,1.1920928955078125e-06,latency_loss,0.592,0.592,0.3563796758651733,1
1,1,1Gi,0.7,0.7,0.7,1.0,0.2780165672302246,1.3828277587890625e-05,0.24913334846496582,2.384185791015625e-06,latency_loss,0.607,0.607,0.36901700496673584,2
1,1,1Gi,0.7,0.7,0.7,1.0,0.2663407325744629,1.1444091796875e-05,0.27048254013061523,7.152557373046875e-07,latency_loss,0.661,0.661,0.37578501701354977,3
1,1,1Gi,0.7,0.7,0.7,1.0,0.2262125015258789,8.58306884765625e-06,0.2577643394470215,1.1920928955078125e-06,latency_loss,0.558,0.558,0.3387909889221191,4
1,1,1Gi,0.4,1.0,0.4,1.0,0.24761629104614258,7.152557373046875e-06,0.3175840377807617,1.1920928955078125e-06,latency_loss,0.671,0.671,0.22608847618103028,0
1,1,1Gi,0.4,1.0,0.4,1.0,0.3493688106536865,6.198883056640625e-06,0.2953145503997803,9.5367431640625e-07,latency_loss,0.721,0.721,0.25788049697875975,1
1,1,1Gi,0.4,1.0,0.4,1.0,0.2351996898651123,7.152557373046875e-06,0.31682515144348145,9.5367431640625e-07,latency_loss,0.63,0.63,0.22081804275512695,2
1,1,1Gi,0.4,1.0,0.4,1.0,0.2876710891723633,6.9141387939453125e-06,0.31890344619750977,2.1457672119140625e-06,latency_loss,0.679,0.679,0.2426388740539551,3
1,1,1Gi,0.4,1.0,0.4,1.0,0.25746917724609375,6.4373016357421875e-06,0.31489086151123047,9.5367431640625e-07,latency_loss,0.663,0.663,0.22895140647888185,4
1,1,1Gi,0.1,0.4,0.7,1.0,0.3221454620361328,1.71661376953125e-05,0.29897427558898926,1.1920928955078125e-06,latency_loss,0.699,0.699,0.24150459766387938,0
1,1,1Gi,0.1,0.4,0.7,1.0,0.2754960060119629,1.5497207641601562e-05,0.27599525451660156,1.1920928955078125e-06,latency_loss,0.639,0.639,0.22075366973876953,1
1,1,1Gi,0.1,0.4,0.7,1.0,0.32077479362487793,1.4781951904296875e-05,0.2872753143310547,1.1920928955078125e-06,latency_loss,0.755,0.755,0.2331773042678833,2
1,1,1Gi,0.1,0.4,0.7,1.0,0.45453572273254395,1.4781951904296875e-05,0.2900385856628418,7.152557373046875e-07,latency_loss,0.813,0.813,0.24848721027374268,3
1,1,1Gi,0.1,0.4,0.7,1.0,0.2777118682861328,1.0967254638671875e-05,0.2678968906402588,1.430511474609375e-06,latency_loss,0.658,0.658,0.2153048276901245,4
1,1,1Gi,0.7,0.7,0.1,1.0,0.258120059967041,1.049041748046875e-05,0.5425918102264404,1.430511474609375e-06,latency_loss,0.945,0.945,0.23495199680328369,0
1,1,1Gi,0.7,0.7,0.1,1.0,0.25627660751342773,1.3113021850585938e-05,0.5493175983428955,9.5367431640625e-07,latency_loss,0.883,0.883,0.23433551788330076,1
1,1,1Gi,0.7,0.7,0.1,1.0,0.2641775608062744,1.3113021850585938e-05,0.5434706211090088,1.1920928955078125e-06,latency_loss,0.881,0.881,0.23928172588348387,2
1,1,1Gi,0.7,0.7,0.1,1.0,0.2177731990814209,1.4066696166992188e-05,0.5692367553710938,7.152557373046875e-07,latency_loss,0.862,0.862,0.20937547683715818,3
1,1,1Gi,0.7,0.7,0.1,1.0,0.2399311065673828,2.5272369384765625e-05,0.4873676300048828,7.152557373046875e-07,latency_loss,0.8,0.8,0.21670694351196287,4
1,1,1Gi,0.1,1.0,0.7,0.7,0.39000797271728516,6.198883056640625e-06,0.2382502555847168,3.814697265625e-06,latency_loss,0.706,0.706,0.20578484535217284,0
1,1,1Gi,0.1,1.0,0.7,0.7,0.3181612491607666,7.152557373046875e-06,0.25020647048950195,1.9073486328125e-06,latency_loss,0.65,0.65,0.20696914196014402,1
1,1,1Gi,0.1,1.0,0.7,0.7,0.29145193099975586,1.2636184692382812e-05,0.28855156898498535,2.1457672119140625e-06,latency_loss,0.678,0.678,0.23114542961120607,2
1,1,1Gi,0.1,1.0,0.7,0.7,0.37178826332092285,6.67572021484375e-06,0.2796297073364258,2.6226043701171875e-06,latency_loss,0.769,0.769,0.23292813301086424,3
1,1,1Gi,0.1,1.0,0.7,0.7,0.2681388854980469,8.344650268554688e-06,0.2767021656036377,4.0531158447265625e-06,latency_loss,0.618,0.618,0.22051658630371093,4
1,1,1Gi,0.4,0.7,1.0,1.0,0.23719072341918945,7.62939453125e-06,0.25704097747802734,9.5367431640625e-07,latency_loss,0.57,0.57,0.3519235610961914,0
1,1,1Gi,0.4,0.7,1.0,1.0,0.2575650215148926,1.0967254638671875e-05,0.2720212936401367,1.430511474609375e-06,latency_loss,0.6,0.6,0.37505640983581545,1
1,1,1Gi,0.4,0.7,1.0,1.0,0.25321459770202637,1.2636184692382812e-05,0.2540929317474365,9.5367431640625e-07,latency_loss,0.588,0.588,0.35538856983184813,2
1,1,1Gi,0.4,0.7,1.0,1.0,0.2776198387145996,1.3589859008789062e-05,0.24396181106567383,9.5367431640625e-07,latency_loss,0.609,0.609,0.3550202131271363,3
1,1,1Gi,0.4,0.7,1.0,1.0,0.2581954002380371,4.38690185546875e-05,0.2640857696533203,9.5367431640625e-07,latency_loss,0.626,0.626,0.36739559173583985,4
1,1,1Gi,1.0,0.4,0.1,0.7,0.23269248008728027,1.4543533325195312e-05,0.5079314708709717,2.384185791015625e-06,latency_loss,0.867,0.867,0.28349311351776124,0
1,1,1Gi,1.0,0.4,0.1,0.7,0.21161222457885742,2.3126602172851562e-05,0.6078083515167236,2.384185791015625e-06,latency_loss,0.949,0.949,0.27240397930145266,1
1,1,1Gi,1.0,0.4,0.1,0.7,0.25008463859558105,1.1205673217773438e-05,0.6214265823364258,3.337860107421875e-06,latency_loss,0.95,0.95,0.31223411560058595,2
1,1,1Gi,1.0,0.4,0.1,0.7,0.21769380569458008,4.482269287109375e-05,0.5397305488586426,1.6689300537109375e-06,latency_loss,0.874,0.874,0.27168595790863037,3
1,1,1Gi,1.0,0.4,0.1,0.7,0.2541770935058594,1.1682510375976562e-05,0.5217413902282715,2.1457672119140625e-06,latency_loss,0.854,0.854,0.3063574075698853,4
1,1,1Gi,0.1,0.1,0.1,0.4,0.3512074947357178,1.5497207641601562e-05,0.5810689926147461,3.5762786865234375e-06,latency_loss,1.095,1.095,0.09323062896728515,0
1,1,1Gi,0.1,0.1,0.1,0.4,0.29459285736083984,1.7642974853515625e-05,0.653252363204956,5.0067901611328125e-06,latency_loss,1.04,1.04,0.0947882890701294,1
1,1,1Gi,0.1,0.1,0.1,0.4,0.29625821113586426,1.5497207641601562e-05,0.5239336490631104,4.5299530029296875e-06,latency_loss,0.932,0.932,0.08202254772186279,2
1,1,1Gi,0.1,0.1,0.1,0.4,0.3815340995788574,1.3828277587890625e-05,0.516432523727417,4.5299530029296875e-06,latency_loss,0.992,0.992,0.0897998571395874,3
1,1,1Gi,0.1,0.1,0.1,0.4,0.31230831146240234,1.5020370483398438e-05,0.535888671875,2.86102294921875e-06,latency_loss,0.978,0.978,0.08482234477996826,4
1,1,1Gi,0.1,1.0,0.1,0.1,0.4013195037841797,5.9604644775390625e-06,0.6652483940124512,3.0994415283203125e-06,latency_loss,1.188,1.188,0.10666306018829345,0
1,1,1Gi,0.1,1.0,0.1,0.1,0.31867265701293945,9.059906005859375e-06,0.5366237163543701,2.86102294921875e-06,latency_loss,0.952,0.952,0.08553898334503175,1
1,1,1Gi,0.1,1.0,0.1,0.1,0.3315391540527344,1.049041748046875e-05,0.5677545070648193,2.86102294921875e-06,latency_loss,1.024,1.024,0.08994014263153076,2
1,1,1Gi,0.1,1.0,0.1,0.1,0.29398584365844727,6.67572021484375e-06,0.5538830757141113,3.0994415283203125e-06,latency_loss,0.938,0.938,0.08479387760162353,3
1,1,1Gi,0.1,1.0,0.1,0.1,0.3418567180633545,6.67572021484375e-06,0.5477197170257568,2.384185791015625e-06,latency_loss,0.972,0.972,0.08896455764770508,4
1,1,1Gi,0.1,0.4,0.7,0.7,0.3410606384277344,1.239776611328125e-05,0.2982444763183594,3.0994415283203125e-06,latency_loss,0.75,0.75,0.24288432598114013,0
1,1,1Gi,0.1,0.4,0.7,0.7,0.2896308898925781,1.9788742065429688e-05,0.27976393699645996,3.0994415283203125e-06,latency_loss,0.695,0.695,0.22480792999267576,1
1,1,1Gi,0.1,0.4,0.7,0.7,0.3101811408996582,1.6689300537109375e-05,0.30020666122436523,1.430511474609375e-06,latency_loss,0.688,0.688,0.24117045402526854,2
1,1,1Gi,0.1,0.4,0.7,0.7,0.30230712890625,1.430511474609375e-05,0.2876887321472168,2.86102294921875e-06,latency_loss,0.668,0.668,0.23162055015563965,3
1,1,1Gi,0.1,0.4,0.7,0.7,0.31833910942077637,1.8596649169921875e-05,0.29554057121276855,2.6226043701171875e-06,latency_loss,0.701,0.701,0.23872158527374265,4
1,1,1Gi,0.1,0.4,0.1,0.4,0.3274693489074707,1.6450881958007812e-05,0.5800693035125732,3.0994415283203125e-06,latency_loss,1.009,1.009,0.09076168537139893,0
1,1,1Gi,0.1,0.4,0.1,0.4,0.3176288604736328,1.4066696166992188e-05,0.5256857872009277,2.6226043701171875e-06,latency_loss,0.978,0.978,0.08433814048767091,1
1,1,1Gi,0.1,0.4,0.1,0.4,0.3734433650970459,3.790855407714844e-05,0.44301605224609375,1.6689300537109375e-06,latency_loss,0.902,0.902,0.0816617727279663,2
1,1,1Gi,0.1,0.4,0.1,0.4,0.3225994110107422,1.7642974853515625e-05,0.5254719257354736,3.5762786865234375e-06,latency_loss,0.919,0.919,0.0848156213760376,3
1,1,1Gi,0.1,0.4,0.1,0.4,0.28351926803588867,1.5974044799804688e-05,0.5340163707733154,3.337860107421875e-06,latency_loss,0.905,0.905,0.0817612886428833,4
1,1,1Gi,1.0,0.4,0.7,0.4,0.21046853065490723,1.4543533325195312e-05,0.3019587993621826,2.1457672119140625e-06,latency_loss,0.589,0.589,0.4218463659286499,0
1,1,1Gi,1.0,0.4,0.7,0.4,0.25797152519226074,1.4781951904296875e-05,0.24481940269470215,2.6226043701171875e-06,latency_loss,0.577,0.577,0.429352068901062,1
1,1,1Gi,1.0,0.4,0.7,0.4,0.24883365631103516,1.6450881958007812e-05,0.27513837814331055,3.337860107421875e-06,latency_loss,0.601,0.601,0.4414384365081787,2
1,1,1Gi,1.0,0.4,0.7,0.4,0.2621300220489502,1.5497207641601562e-05,0.2761101722717285,2.6226043701171875e-06,latency_loss,0.652,0.652,0.4554143905639648,3
1,1,1Gi,1.0,0.4,0.7,0.4,0.23387360572814941,1.4781951904296875e-05,0.28868651390075684,3.0994415283203125e-06,latency_loss,0.643,0.643,0.43596131801605226,4
1,1,1Gi,0.1,0.4,1.0,0.4,0.291048526763916,1.621246337890625e-05,0.24740004539489746,2.86102294921875e-06,latency_loss,0.629,0.629,0.27651252746582033,0
1,1,1Gi,0.1,0.4,1.0,0.4,0.32390356063842773,1.7642974853515625e-05,0.28348565101623535,3.0994415283203125e-06,latency_loss,0.698,0.698,0.31588430404663087,1
1,1,1Gi,0.1,0.4,1.0,0.4,0.3162357807159424,1.4781951904296875e-05,0.23099803924560547,3.0994415283203125e-06,latency_loss,0.63,0.63,0.26262876987457273,2
1,1,1Gi,0.1,0.4,1.0,0.4,0.2847917079925537,3.552436828613281e-05,0.2576181888580322,4.0531158447265625e-06,latency_loss,0.619,0.619,0.28611319065093993,3
1,1,1Gi,0.1,0.4,1.0,0.4,0.3458273410797119,1.71661376953125e-05,0.27171921730041504,2.384185791015625e-06,latency_loss,0.696,0.696,0.3063097715377808,4
1,1,1Gi,0.1,0.4,0.4,0.4,0.2822904586791992,2.0742416381835938e-05,0.30896615982055664,1.430511474609375e-06,latency_loss,0.668,0.668,0.15182437896728518,0
1,1,1Gi,0.1,0.4,0.4,0.4,0.425586462020874,1.3828277587890625e-05,0.39783716201782227,3.337860107421875e-06,latency_loss,0.943,0.943,0.20170037746429445,1
1,1,1Gi,0.1,0.4,0.4,0.4,0.3059258460998535,2.384185791015625e-05,0.3094515800476074,1.9073486328125e-06,latency_loss,0.689,0.689,0.1543835163116455,2
1,1,1Gi,0.1,0.4,0.4,0.4,0.3030085563659668,1.5735626220703125e-05,0.31888675689697266,1.9073486328125e-06,latency_loss,0.71,0.71,0.15786261558532716,3
1,1,1Gi,0.1,0.4,0.4,0.4,0.3362762928009033,1.4066696166992188e-05,0.3162977695465088,3.0994415283203125e-06,latency_loss,0.788,0.788,0.16015360355377195,4
1,1,1Gi,0.7,0.7,0.4,0.4,0.2182767391204834,1.0251998901367188e-05,0.2963135242462158,1.430511474609375e-06,latency_loss,0.589,0.589,0.2713268756866455,0
1,1,1Gi,0.7,0.7,0.4,0.4,0.2594914436340332,1.621246337890625e-05,0.32994556427001953,3.337860107421875e-06,latency_loss,0.669,0.669,0.3136349201202393,1
1,1,1Gi,0.7,0.7,0.4,0.4,0.24674677848815918,1.5497207641601562e-05,0.3162515163421631,3.5762786865234375e-06,latency_loss,0.649,0.649,0.2992356300354004,2
1,1,1Gi,0.7,0.7,0.4,0.4,0.25641942024230957,2.002716064453125e-05,0.30913209915161133,2.1457672119140625e-06,latency_loss,0.638,0.638,0.3031613111495972,3
1,1,1Gi,0.7,0.7,0.4,0.4,0.25860118865966797,8.58306884765625e-06,0.3001880645751953,2.384185791015625e-06,latency_loss,0.642,0.642,0.30110301971435544,4
1,1,1Gi,0.1,0.1,1.0,0.7,0.39911746978759766,1.5974044799804688e-05,0.2629382610321045,2.1457672119140625e-06,latency_loss,0.778,0.778,0.3028531074523926,0
1,1,1Gi,0.1,0.1,1.0,0.7,0.35801005363464355,1.9550323486328125e-05,0.29656314849853516,2.1457672119140625e-06,latency_loss,0.778,0.778,0.3323676109313965,1
1,1,1Gi,0.1,0.1,1.0,0.7,0.32462358474731445,1.4543533325195312e-05,0.24253106117248535,2.384185791015625e-06,latency_loss,0.639,0.639,0.27499654293060305,2
1,1,1Gi,0.1,0.1,1.0,0.7,0.3016092777252197,1.4781951904296875e-05,0.2294149398803711,1.6689300537109375e-06,latency_loss,0.649,0.649,0.2595785140991211,3
1,1,1Gi,0.1,0.1,1.0,0.7,0.29291439056396484,1.5735626220703125e-05,0.2643167972564697,2.86102294921875e-06,latency_loss,0.636,0.636,0.2936118125915527,4
1,1,1Gi,1.0,0.4,0.7,0.1,0.22435283660888672,1.6450881958007812e-05,0.2793691158294678,2.6226043701171875e-06,latency_loss,0.58,0.58,0.4199180603027344,0
1,1,1Gi,1.0,0.4,0.7,0.1,0.25641751289367676,1.5735626220703125e-05,0.3287503719329834,3.0994415283203125e-06,latency_loss,0.661,0.661,0.4865493774414062,1
1,1,1Gi,1.0,0.4,0.7,0.1,0.25717663764953613,1.2874603271484375e-05,0.2781975269317627,3.5762786865234375e-06,latency_loss,0.612,0.612,0.4519204139709473,2
1,1,1Gi,1.0,0.4,0.7,0.1,0.25484132766723633,4.3392181396484375e-05,0.32886481285095215,2.86102294921875e-06,latency_loss,0.712,0.712,0.48506433963775636,3
1,1,1Gi,1.0,0.4,0.7,0.1,0.24507594108581543,1.5974044799804688e-05,0.24816679954528809,2.6226043701171875e-06,latency_loss,0.572,0.572,0.41879935264587403,4
1,1,1Gi,0.1,0.7,0.4,0.4,0.27809572219848633,1.5497207641601562e-05,0.41762614250183105,5.9604644775390625e-06,latency_loss,0.786,0.786,0.1948732614517212,0
1,1,1Gi,0.1,0.7,0.4,0.4,0.33490800857543945,1.2159347534179688e-05,0.3474714756011963,3.337860107421875e-06,latency_loss,0.771,0.771,0.17248923778533937,1
1,1,1Gi,0.1,0.7,0.4,0.4,0.2788419723510742,1.6927719116210938e-05,0.287142276763916,4.76837158203125e-06,latency_loss,0.702,0.702,0.142754864692688,2
1,1,1Gi,0.1,0.7,0.4,0.4,0.291579008102417,1.239776611328125e-05,0.3483128547668457,2.86102294921875e-06,latency_loss,0.723,0.723,0.16849286556243898,3
1,1,1Gi,0.1,0.7,0.4,0.4,0.389117956161499,8.106231689453125e-06,0.3099503517150879,2.1457672119140625e-06,latency_loss,0.823,0.823,0.16289846897125246,4
1,1,1Gi,0.1,0.7,1.0,0.4,0.30167412757873535,1.3113021850585938e-05,0.28052544593811035,2.6226043701171875e-06,latency_loss,0.66,0.66,0.31070308685302733,0
1,1,1Gi,0.1,0.7,1.0,0.4,0.3479475975036621,1.2874603271484375e-05,0.2774345874786377,3.0994415283203125e-06,latency_loss,0.754,0.754,0.3122395992279053,1
1,1,1Gi,0.1,0.7,1.0,0.4,0.3475813865661621,1.3589859008789062e-05,0.24357962608337402,3.0994415283203125e-06,latency_loss,0.721,0.721,0.2783485174179077,2
1,1,1Gi,0.1,0.7,1.0,0.4,0.32682275772094727,1.4781951904296875e-05,0.24821090698242188,2.384185791015625e-06,latency_loss,0.65,0.65,0.280904483795166,3
1,1,1Gi,0.1,0.7,1.0,0.4,0.4065208435058594,1.0967254638671875e-05,0.23041725158691406,2.86102294921875e-06,latency_loss,0.741,0.741,0.27107815742492675,4
1,1,1Gi,0.7,0.1,0.4,0.4,0.2594916820526123,1.6927719116210938e-05,0.28676676750183105,2.1457672119140625e-06,latency_loss,0.617,0.617,0.2963534355163574,0
1,1,1Gi,0.7,0.1,0.4,0.4,0.22699236869812012,1.8358230590820312e-05,0.32992029190063477,2.6226043701171875e-06,latency_loss,0.629,0.629,0.2908656597137451,1
1,1,1Gi,0.7,0.1,0.4,0.4,0.28809499740600586,1.5020370483398438e-05,0.3174450397491455,3.337860107421875e-06,latency_loss,0.688,0.688,0.32864735126495365,2
1,1,1Gi,0.7,0.1,0.4,0.4,0.2442607879638672,1.3113021850585938e-05,0.3379800319671631,3.814697265625e-06,latency_loss,0.66,0.66,0.30617740154266354,3
1,1,1Gi,0.7,0.1,0.4,0.4,0.21970105171203613,1.5020370483398438e-05,0.3160219192504883,3.814697265625e-06,latency_loss,0.656,0.656,0.2802025318145752,4
1,1,1Gi,1.0,0.4,0.4,0.4,0.21306657791137695,2.002716064453125e-05,0.29685449600219727,2.6226043701171875e-06,latency_loss,0.579,0.579,0.3318174362182617,0
1,1,1Gi,1.0,0.4,0.4,0.4,0.2233874797821045,1.239776611328125e-05,0.3170480728149414,5.0067901611328125e-06,latency_loss,0.636,0.636,0.35021367073059084,1
1,1,1Gi,1.0,0.4,0.4,0.4,0.24123382568359375,1.7404556274414062e-05,0.30789709091186523,2.384185791015625e-06,latency_loss,0.619,0.619,0.364400577545166,2
1,1,1Gi,1.0,0.4,0.4,0.4,0.22553753852844238,2.1219253540039062e-05,0.3156118392944336,3.0994415283203125e-06,latency_loss,0.618,0.618,0.35179200172424313,3
1,1,1Gi,1.0,0.4,0.4,0.4,0.24507379531860352,1.8835067749023438e-05,0.29895496368408203,3.5762786865234375e-06,latency_loss,0.676,0.676,0.36466474533081056,4
1,1,1Gi,0.7,0.1,0.7,0.1,0.23839330673217773,1.621246337890625e-05,0.2758290767669678,3.337860107421875e-06,latency_loss,0.588,0.588,0.3599576234817504,0
1,1,1Gi,0.7,0.1,0.7,0.1,0.23959016799926758,1.2874603271484375e-05,0.2748875617980957,4.5299530029296875e-06,latency_loss,0.589,0.589,0.3601361513137817,1
1,1,1Gi,0.7,0.1,0.7,0.1,0.267120361328125,1.4066696166992188e-05,0.27831006050109863,2.1457672119140625e-06,latency_loss,0.625,0.625,0.3818029165267944,2
1,1,1Gi,0.7,0.1,0.7,0.1,0.29077911376953125,1.5020370483398438e-05,0.2937774658203125,2.1457672119140625e-06,latency_loss,0.711,0.711,0.4091913223266601,3
1,1,1Gi,0.7,0.1,0.7,0.1,0.24824118614196777,1.7642974853515625e-05,0.26923036575317383,3.814697265625e-06,latency_loss,0.589,0.589,0.36223223209381106,4
1,1,1Gi,0.1,0.7,0.7,0.4,0.3773362636566162,1.71661376953125e-05,0.27739524841308594,2.1457672119140625e-06,latency_loss,0.738,0.738,0.23192317485809325,0
1,1,1Gi,0.1,0.7,0.7,0.4,0.29561853408813477,1.5020370483398438e-05,0.2781236171722412,1.9073486328125e-06,latency_loss,0.659,0.659,0.22425966262817382,1
1,1,1Gi,0.1,0.7,0.7,0.4,0.3279409408569336,1.1920928955078125e-05,0.29627346992492676,2.6226043701171875e-06,latency_loss,0.74,0.74,0.2401949167251587,2
1,1,1Gi,0.1,0.7,0.7,0.4,0.30314064025878906,1.0013580322265625e-05,0.28757762908935547,2.86102294921875e-06,latency_loss,0.663,0.663,0.23162655830383302,3
1,1,1Gi,0.1,0.7,0.7,0.4,0.29492783546447754,1.7404556274414062e-05,0.32222747802734375,2.6226043701171875e-06,latency_loss,0.705,0.705,0.25506525039672845,4
1,1,1Gi,0.1,0.1,0.4,0.7,0.3004331588745117,1.3589859008789062e-05,0.309567928314209,1.6689300537109375e-06,latency_loss,0.688,0.688,0.15387301445007326,0
1,1,1Gi,0.1,0.1,0.4,0.7,0.476454496383667,1.3113021850585938e-05,0.3097867965698242,2.384185791015625e-06,latency_loss,0.919,0.919,0.17156314849853516,1
1,1,1Gi,0.1,0.1,0.4,0.7,0.3103976249694824,2.765655517578125e-05,0.3382999897003174,3.814697265625e-06,latency_loss,0.741,0.741,0.16636519432067873,2
1,1,1Gi,0.1,0.1,0.4,0.7,0.310821533203125,1.6450881958007812e-05,0.3280830383300781,2.1457672119140625e-06,latency_loss,0.768,0.768,0.1623185157775879,3
1,1,1Gi,0.1,0.1,0.4,0.7,0.3344736099243164,1.6927719116210938e-05,0.3422739505767822,2.1457672119140625e-06,latency_loss,0.766,0.766,0.1703601360321045,4
1,1,1Gi,0.1,0.4,0.7,0.1,0.3497951030731201,2.0742416381835938e-05,0.2657349109649658,2.86102294921875e-06,latency_loss,0.751,0.751,0.22100253105163573,0
1,1,1Gi,0.1,0.4,0.7,0.1,0.32814598083496094,1.5974044799804688e-05,0.2774159908294678,2.6226043701171875e-06,latency_loss,0.679,0.679,0.22701244354248043,1
1,1,1Gi,0.1,0.4,0.7,0.1,0.3073580265045166,1.5497207641601562e-05,0.2690579891204834,3.814697265625e-06,latency_loss,0.655,0.655,0.21908297538757324,2
1,1,1Gi,0.1,0.4,0.7,0.1,0.2876732349395752,1.7404556274414062e-05,0.2813451290130615,2.6226043701171875e-06,latency_loss,0.65,0.65,0.22571613788604733,3
1,1,1Gi,0.1,0.4,0.7,0.1,0.29485416412353516,1.4543533325195312e-05,0.26423025131225586,4.0531158447265625e-06,latency_loss,0.683,0.683,0.21445281505584712,4
1,1,1Gi,0.7,0.1,0.1,0.4,0.27094244956970215,1.2874603271484375e-05,0.5572655200958252,3.337860107421875e-06,latency_loss,0.904,0.904,0.24538888931274414,0
1,1,1Gi,0.7,0.1,0.1,0.4,0.21929621696472168,1.71661376953125e-05,0.5243935585021973,3.5762786865234375e-06,latency_loss,0.817,0.817,0.20594985485076903,1
1,1,1Gi,0.7,0.1,0.1,0.4,0.25617146492004395,1.5020370483398438e-05,0.5163397789001465,2.86102294921875e-06,latency_loss,0.9,0.9,0.23095664978027344,2
1,1,1Gi,0.7,0.1,0.1,0.4,0.2373058795928955,1.4781951904296875e-05,0.5777618885040283,2.86102294921875e-06,latency_loss,0.923,0.923,0.2238929271697998,3
1,1,1Gi,0.7,0.1,0.1,0.4,0.24523067474365234,1.52587890625e-05,0.6083283424377441,3.5762786865234375e-06,latency_loss,0.976,0.976,0.2324972629547119,4
1,1,1Gi,1.0,0.4,0.4,0.1,0.2218341827392578,1.239776611328125e-05,0.30698180198669434,2.6226043701171875e-06,latency_loss,0.6,0.6,0.3446321249008179,0
1,1,1Gi,1.0,0.4,0.4,0.1,0.21553301811218262,1.8596649169921875e-05,0.3201873302459717,1.6689300537109375e-06,latency_loss,0.666,0.666,0.3436155557632446,1
1,1,1Gi,1.0,0.4,0.4,0.1,0.23514723777770996,1.9073486328125e-05,0.33943915367126465,2.1457672119140625e-06,latency_loss,0.65,0.65,0.3709307432174682,2
1,1,1Gi,1.0,0.4,0.4,0.1,0.21562623977661133,1.9073486328125e-05,0.3186492919921875,7.152557373046875e-06,latency_loss,0.608,0.608,0.3430943012237549,3
1,1,1Gi,1.0,0.4,0.4,0.1,0.21349358558654785,1.0728836059570312e-05,0.3261251449584961,3.0994415283203125e-06,latency_loss,0.645,0.645,0.343948245048523,4
1,1,1Gi,0.1,0.1,0.1,0.7,0.27927684783935547,1.52587890625e-05,0.5376763343811035,1.6689300537109375e-06,latency_loss,0.892,0.892,0.08169801235198976,0
1,1,1Gi,0.1,0.1,0.1,0.7,0.2713735103607178,1.6450881958007812e-05,0.5385408401489258,2.86102294921875e-06,latency_loss,0.905,0.905,0.08099508285522462,1
1,1,1Gi,0.1,0.1,0.1,0.7,0.3027310371398926,1.9311904907226562e-05,0.523979663848877,1.6689300537109375e-06,latency_loss,0.907,0.907,0.08267416954040528,2
1,1,1Gi,0.1,0.1,0.1,0.7,0.30919528007507324,1.3828277587890625e-05,0.4855921268463135,2.6226043701171875e-06,latency_loss,0.874,0.874,0.07948195934295656,3
1,1,1Gi,0.1,0.1,0.1,0.7,0.3401367664337158,2.2649765014648438e-05,0.6171293258666992,1.430511474609375e-06,latency_loss,1.106,1.106,0.0957298755645752,4
1,1,1Gi,0.7,0.1,0.1,0.7,0.2500753402709961,1.5020370483398438e-05,0.48226046562194824,1.430511474609375e-06,latency_loss,0.801,0.801,0.22328128814697262,0
1,1,1Gi,0.7,0.1,0.1,0.7,0.2185068130493164,1.3113021850585938e-05,0.5282633304595947,2.86102294921875e-06,latency_loss,0.829,0.829,0.20578441619873047,1
1,1,1Gi,0.7,0.1,0.1,0.7,0.257047176361084,2.288818359375e-05,0.4334690570831299,3.5762786865234375e-06,latency_loss,0.781,0.781,0.2232847213745117,2
1,1,1Gi,0.7,0.1,0.1,0.7,0.23830008506774902,4.363059997558594e-05,0.4360232353210449,1.430511474609375e-06,latency_loss,0.756,0.756,0.2104177474975586,3
1,1,1Gi,0.7,0.1,0.1,0.7,0.21581006050109863,1.6927719116210938e-05,0.4359750747680664,1.9073486328125e-06,latency_loss,0.732,0.732,0.19466757774353025,4
1,1,1Gi,0.7,0.7,0.7,0.1,0.25696849822998047,1.3589859008789062e-05,0.2697916030883789,2.6226043701171875e-06,latency_loss,0.64,0.64,0.3687418460845947,0
1,1,1Gi,0.7,0.7,0.7,0.1,0.22447657585144043,1.52587890625e-05,0.2881608009338379,4.0531158447265625e-06,latency_loss,0.6,0.6,0.358857250213623,1
1,1,1Gi,0.7,0.7,0.7,0.1,0.23962998390197754,1.9788742065429688e-05,0.25074052810668945,2.86102294921875e-06,latency_loss,0.568,0.568,0.34327349662780754,2
1,1,1Gi,0.7,0.7,0.7,0.1,0.21509289741516113,1.7881393432617188e-05,0.25757527351379395,2.1457672119140625e-06,latency_loss,0.55,0.55,0.3308804512023925,3
1,1,1Gi,0.7,0.7,0.7,0.1,0.26830363273620605,1.8835067749023438e-05,0.2755873203277588,2.6226043701171875e-06,latency_loss,0.648,0.648,0.3807371139526367,4
1,1,1Gi,1.0,0.7,0.7,0.1,0.21053385734558105,2.3126602172851562e-05,0.248948335647583,2.86102294921875e-06,latency_loss,0.526,0.526,0.38481416702270504,0
1,1,1Gi,1.0,0.7,0.7,0.1,0.23673009872436523,1.2636184692382812e-05,0.27739691734313965,2.1457672119140625e-06,latency_loss,0.588,0.588,0.4309170007705688,1
1,1,1Gi,1.0,0.7,0.7,0.1,0.2548637390136719,1.0728836059570312e-05,0.25568389892578125,4.0531158447265625e-06,latency_loss,0.589,0.589,0.4338503837585449,2
1,1,1Gi,1.0,0.7,0.7,0.1,0.24016213417053223,1.1682510375976562e-05,0.3366880416870117,4.5299530029296875e-06,latency_loss,0.648,0.648,0.4758523941040039,3
1,1,1Gi,1.0,0.7,0.7,0.1,0.21056604385375977,1.1444091796875e-05,0.26946544647216797,3.5762786865234375e-06,latency_loss,0.555,0.555,0.39920022487640383,4
1,1,1Gi,0.1,0.7,0.1,0.7,0.32056427001953125,1.0013580322265625e-05,0.549203634262085,3.0994415283203125e-06,latency_loss,0.945,0.945,0.08698596954345703,0
1,1,1Gi,0.1,0.7,0.1,0.7,0.37902188301086426,1.4781951904296875e-05,0.619739294052124,3.0994415283203125e-06,latency_loss,1.081,1.081,0.09988863468170166,1
1,1,1Gi,0.1,0.7,0.1,0.7,0.4494760036468506,1.6450881958007812e-05,0.39795684814453125,3.337860107421875e-06,latency_loss,0.946,0.946,0.08475713729858399,2
1,1,1Gi,0.1,0.7,0.1,0.7,0.3678591251373291,1.3589859008789062e-05,0.5438015460968018,2.86102294921875e-06,latency_loss,0.993,0.993,0.0911775827407837,3
1,1,1Gi,0.1,0.7,0.1,0.7,0.31711459159851074,1.33514404296875e-05,0.44610071182250977,3.337860107421875e-06,latency_loss,0.844,0.844,0.07633321285247803,4
